geo_id,automation,aui,expected,auto_resid,aui_resid,wave,gdp_pwa,coding_share,personal_share,lang_group,agency_ai_alone,hof_pdi,hof_idv,hof_uai,hof_pdi_regional,hof_idv_regional,hof_uai_regional,globe_pdi_practices,globe_participative,hof_pdi_extended,log_gdp
AGO,59.276018099547514,0.0456122704656556,67.48700212213342,3.2130063773023494,-0.644819780783667,2025-08,5796.591076911293,17.22689075630252,34.33962264150943,portuguese,,,,,,,,,,,8.665025278384377
ALB,56.284153005464475,0.7888309384528269,68.43148423258978,-0.1662307778725491,0.167171348058935,2025-08,15160.177657549832,25.13513513513514,30.69908814589666,english,,,,,,,,4.62,4.389583333333333,,9.626427377963438
ARE,52.758855585831064,1.2922019273345715,58.87494955917343,0.2280108730100494,-0.0253166946544542,2025-08,60127.05878296327,28.595151112587185,30.808861411643484,english,0.0208894878706199,,,,80.0,38.0,68.0,,,80.0,11.004215248534315
ARG,54.4161429043996,0.7842234914875027,58.566261663272634,2.011904153878312,-0.5557722383285048,2025-08,20966.423275351695,32.02973497091144,33.90275952693823,spanish,0.0237341772151898,49.0,46.0,86.0,,,,5.640540540540542,5.998366013071895,49.0,9.950677545464252
ARM,56.81492109038737,1.5414610298047535,66.0300153173594,1.3494812811520234,0.7449384905632501,2025-08,12551.43122594346,15.770171149144252,34.8968105065666,english,,,,,,,,,,,9.437589979965491
AUS,46.03804347826087,4.101449368258871,48.300565917407525,-2.155799251422863,2.013957046373861,2025-08,102513.1805350331,24.125818297940288,41.712403951701425,english,0.0153721682847896,38.0,90.0,51.0,,,,4.740285204991085,5.6942829457364335,38.0,11.537746659879229
AUT,45.37979639780736,1.6663721262550917,58.709852954016306,-7.083335214351443,0.3368319956638048,2025-08,87151.06570374031,23.538461538461537,39.45981554677207,english,0.0311871227364185,11.0,55.0,70.0,,,,4.953846153846153,5.8920118343195265,11.0,11.375398279258258
AZE,52.653927813163484,0.2611554372170135,67.7544756228313,-3.5187861047142945,-0.4098005322167186,2025-08,10460.39769104414,33.05785123966942,36.29893238434164,english,,,,,,,,,,,9.25535175707247
BEL,48.32682654768544,1.861428503075573,57.76271126420274,-3.747842197398171,0.4629222543692737,2025-08,88245.97318402125,25.034162339437003,40.3393665158371,english,0.018542199488491,65.0,75.0,94.0,,,,,,65.0,11.38788334411166
BEN,62.34817813765182,0.2524600653772727,66.76335527530115,6.58196459448979,-0.4906643279460371,2025-08,2655.416999442524,27.703984819734345,27.798507462686565,french,,,,,,,,,,,7.884356983280025
BFA,62.69230769230769,0.0800069478168959,67.84642952813795,6.481879588602851,-0.5842533983930676,2025-08,1832.887591889975,13.553113553113556,23.837209302325583,french,,,,,,,,,,,7.513647921294773
BGD,57.91109729561703,0.1118623113750507,59.3085790025165,5.202402807391849,-1.1740815845414354,2025-08,3967.2406267898255,39.089813140446054,31.40013726835964,english,0.0436941410129096,80.0,20.0,60.0,,,,,,80.0,8.285826075793446
BGR,51.385224274406326,1.4596011913060525,63.02882980250017,-2.8493024177469835,0.4445473415659173,2025-08,27428.09326705219,26.31578947368421,40.750853242320815,english,,70.0,30.0,85.0,,,,,,70.0,10.219323068830594
BIH,51.42045454545454,0.6737524860668648,67.34293163689325,-4.583467777222197,-0.0271700569524021,2025-08,14058.115992760766,11.11111111111111,32.035928143712574,english,,,,,,,,,,,9.550955158716235
BOL,53.761283851554666,0.4839902319857235,61.47948941591915,0.1622071824756474,-0.6438788314130341,2025-08,6038.784004183883,19.36758893280632,20.781758957654723,spanish,,,,,,,,4.509756097560977,5.37,,8.705957946849887
BRA,63.94698338927619,0.9260182311201804,57.29862897812377,12.062654418429034,-0.5062801672729386,2025-08,14782.600419414845,28.991336633663373,33.02416579109453,portuguese,0.0215239980207817,69.0,38.0,76.0,,,,5.326086956521742,6.0408745247148286,69.0,9.601206120799924
CAN,46.60019040938017,2.9136194486582068,50.42971625282783,-2.4669069269023822,0.9811611993902722,2025-08,83397.40614599641,29.94333724110981,41.78007263816566,english,0.0159739201303993,39.0,80.0,48.0,,,,,,39.0,11.331372486496232
CHE,46.90223792697291,2.8129771076417764,55.441171085431336,-4.2202689994779305,1.245427920693141,2025-08,159447.77850270874,23.382045929018787,41.30690737833594,english,0.0197910940076965,34.0,68.0,58.0,,,,4.89685534591195,5.795171339563863,34.0,11.979471740090968
CHL,50.89507707608155,1.158389348435904,56.718584139791425,-0.7513509731251489,-0.3161450123931062,2025-08,24248.62384782136,26.43985419198056,33.04529981670594,spanish,0.0273348519362186,63.0,23.0,86.0,,,,,,63.0,10.09611514621192
CIV,59.60912052117264,0.1994331515359349,65.6852251436089,4.285093745356654,-0.6221952827406114,2025-08,4825.4978829441125,24.600638977635786,26.117440841367223,french,0.0515759312320916,,,,,,,,,,8.481669196624498
CMR,60.333333333333336,0.2211741123922632,66.92155128102127,4.50223691720435,-0.5104312394474391,2025-08,3250.193069497753,27.641408751334044,24.80544747081712,french,0.081081081081081,,,,,,,,,,8.086469679558626
COL,51.95071868583162,0.8236025489336274,53.56866755876339,1.596204654637056,-0.8802929743444536,2025-08,11313.865939573909,27.239557121288374,23.210044112656934,spanish,0.0216503267973856,67.0,13.0,80.0,,,,5.563888888888888,5.458333333333333,67.0,9.333784326758648
CRI,52.985702270815814,1.3119790443472863,61.19935306568539,-0.4984786324510111,0.1637118537978459,2025-08,26951.561234857145,18.414533443435175,29.54333643988816,english,,35.0,15.0,86.0,,,,4.7368421052631575,5.526086956521739,35.0,10.201796505451693
CYP,46.77137870855148,2.39017701570814,67.69651564846792,-9.377563372378404,1.7150006909876776,2025-08,38404.71104586875,14.991482112436117,37.842778793418645,english,,,,,,,,,,,10.55593541453698
CZE,46.748101683724,1.711132868072996,58.43525303137335,-5.602404885745038,0.3615977452825005,2025-08,49714.93948841886,25.79916047788182,43.21329639889196,english,,57.0,58.0,74.0,,,,3.588749999999999,5.738729508196721,57.0,10.814060760243944
DEU,45.998294554756974,1.8350611876849208,51.233085092986805,-3.398298321974714,-0.0388997629040479,2025-08,88693.9787891109,32.797555264515616,44.73476787262552,english,0.0198517401683628,35.0,67.0,65.0,,,,5.251794871794871,5.719660194174757,35.0,11.392947283119916
DNK,44.11504424778761,2.3071425941225168,59.49185017570635,-8.668817500157267,1.0345435879022868,2025-08,113263.93711245504,22.085889570552148,42.671009771986974,english,0.020631067961165,18.0,74.0,23.0,,,,3.894267515923566,5.701388888888889,18.0,11.637476100784044
DOM,55.99639314697926,0.5788662042274328,62.88241240350119,1.8219184229913807,-0.4468490277980117,2025-08,16637.61618246597,20.33598585322723,28.561872909699005,english,,,,,,,,,,,9.719421445847487
DZA,54.74683544303798,0.2541380965072279,63.23185256775279,0.4290405278513347,-0.7461326514446154,2025-08,8969.58842511948,34.47395301327886,29.59409594095941,english,0.042152466367713,,,,,,,,,,9.101595070512925
ECU,56.32911392405063,0.956858634417044,55.39768734951225,5.224441516878095,-0.6138568205775772,2025-08,9988.291688510177,16.469428007889547,19.061413673232902,spanish,,78.0,8.0,67.0,,,,5.599999999999999,5.510204081632653,78.0,9.209168854868931
EGY,59.126454320045774,0.2811923790687435,60.84668295753119,5.786918344585125,-0.8927544839058273,2025-08,5227.316547705825,47.30105731775181,29.20531005637389,english,0.0292365998917162,,,,80.0,38.0,68.0,4.918303571428571,4.631426202321724,80.0,8.56165333699131
ESP,50.44025157232704,1.2605807317206792,55.20073625678151,-0.5836428615194151,-0.3244757162533798,2025-08,53518.68827011927,33.122701122323875,37.25072741466184,english,0.0159229408295655,57.0,51.0,86.0,,,,5.519189189189189,4.825418994413408,57.0,10.887786185348528
EST,50.43478260869565,3.10575549323648,67.85011259433855,-5.77715607623616,2.4417633294762475,2025-08,49410.33974231546,14.550641940085592,47.68583450210379,english,,40.0,60.0,60.0,,,,,,40.0,10.807914987799064
FIN,44.550898203592816,1.8895174643237136,61.237413758953565,-8.948892999789436,0.7440216629927001,2025-08,86239.00920358354,18.735362997658076,43.108182317408016,english,,33.0,63.0,59.0,,,,4.889090909090907,5.924418604651163,33.0,11.364877897250105
FRA,48.98868865030675,1.9438095632497092,52.34030143192482,-0.8620204775858653,0.1504705656708564,2025-08,75225.64794338809,32.21784776902887,40.17413758855856,french,0.0264462809917355,68.0,71.0,86.0,,,,5.277027027027027,6.142265193370166,68.0,11.22824751486611
GBR,45.493174518201286,2.6652636438018495,48.50992725719863,-2.78653615202888,0.5930159669831898,2025-08,83152.8295627269,26.752676904941215,41.995374743493706,english,0.0191667623091931,35.0,89.0,35.0,,,,5.153086419753086,5.68213572854291,35.0,11.328435513659961
GEO,49.03920061491161,2.191490694350285,64.60490319281288,-5.841740435839213,1.2911986218217844,2025-08,14463.249642754525,23.44569288389513,36.37691745799854,english,,,,,,,,5.221666666666667,4.417643229166666,,9.579366203711222
GHA,60.06528835690968,0.3483687568154062,57.36356220278457,8.154327524228698,-1.0792015291002368,2025-08,3978.246329458356,22.938689217758984,30.744336569579296,english,0.0632411067193675,,,,77.0,20.0,54.0,,,77.0,8.288596380437534
GRC,48.15506772536198,1.28477675431947,61.32872455902635,-5.382173899190292,0.1459297485073565,2025-08,39376.65689246587,21.617915904936016,37.43565746373421,english,,60.0,35.0,112.0,,,,5.403333333333333,5.745726495726496,60.0,10.58092845505126
GTM,51.98915009041591,0.3656013171046337,51.07407551673455,2.6577737663369945,-1.5199379151027796,2025-08,9620.500626667832,13.082437275985663,30.816831683168317,english,,95.0,6.0,101.0,,,,5.602419354838711,5.252252252252252,95.0,9.17165158249987
HND,53.755868544600936,0.2360295771042157,53.00802988739822,3.631295735032616,-1.508688775829591,2025-08,5256.315221358912,11.778290993071591,30.788804071246823,english,,,,,,,,,,,8.56718553198842
HRV,49.54441913439636,1.4189268455426038,68.12206284811664,-6.779057851953965,0.7747367383544552,2025-08,38045.172524694855,17.22222222222222,43.08943089430895,english,,73.0,33.0,80.0,,,,,,73.0,10.546529483353787
HUN,48.717948717948715,0.9456727203268284,64.83044578140236,-6.255496887879055,0.0618035304271022,2025-08,36106.862456746145,23.753280839895012,44.363193174893354,english,,46.0,80.0,82.0,,,,5.558247422680412,5.011839708561021,46.0,10.494238222009805
IDN,54.7158096743241,0.3579440501634318,52.34817018261749,4.861873238957585,-1.434821984367205,2025-08,7231.199089520412,28.813653238765447,19.030907278165504,english,0.0439499816108863,78.0,14.0,48.0,,,,5.1789772727272725,4.467440119760479,78.0,8.886160150574304
IND,58.305568776772965,0.267048037486808,55.58281830809711,7.124966333229203,-1.29018710754593,2025-08,3948.7128605939074,52.14582038420955,27.817374238198532,english,0.0395431834403997,77.0,48.0,40.0,,,,5.466019417475729,5.070540935672514,77.0,8.281144946714395
IRL,46.68304668304668,2.257524240446821,56.130005454779685,-4.721980353050753,0.7401325251722597,2025-08,163661.46945325768,16.177178623013962,39.20879120879121,english,0.0216508795669824,28.0,70.0,35.0,,,,5.150666666666668,5.761217948717948,28.0,12.005555362736272
IRQ,45.25735294117647,0.3940667108563072,47.64309072962976,-2.666831405583345,-1.741299664030104,2025-08,10043.662811380043,13.521126760563378,47.83549783549784,english,0.048582995951417,,,,80.0,38.0,68.0,,,80.0,9.214697148565012
ISR,45.99400973418196,7.00376424055597,51.542587112803346,-3.529523011501297,5.152339678223445,2025-08,90237.43265143564,23.454313332117454,41.631931287103704,english,0.0220095693779904,13.0,54.0,81.0,,,,4.72638888888889,4.8015432098765425,13.0,11.410199616099286
ITA,47.98272933182333,1.4724186837774282,53.24345405997652,-2.2384008883649074,-0.2551572590314901,2025-08,63346.04219526605,28.242314898341547,39.02289702461124,english,0.0243185462319615,50.0,76.0,75.0,,,,5.426877934272303,5.570488721804511,50.0,11.05636770858478
JAM,63.17567567567568,0.5726788336209688,69.81424748904487,6.158162195836212,0.0517051438641325,2025-08,9671.355122194287,5.483870967741936,33.12101910828025,english,,45.0,39.0,13.0,,,,,,45.0,9.176923715360676
JOR,56.82870370370371,0.4572122869157157,68.05569089557434,0.5324486623435121,-0.1918106937144806,2025-08,7135.879551781071,29.67525195968645,31.914893617021285,english,,,,,,,,,,,8.872890795162947
JPN,43.34666898591059,1.8567345999463332,48.95222379074415,-5.1144461999969835,-0.1833072566635623,2025-08,55246.96466016575,27.103543852702437,43.08948295181687,japanese,0.0175195942830797,54.0,46.0,92.0,,,,5.10943396226415,5.3095854922279795,54.0,10.919568679593294
KAZ,50.224215246636774,0.4118212959743227,66.38003387496329,-5.3847819773747005,-0.3592146434840926,2025-08,22317.150362946555,28.373450036469738,38.36116910229645,english,0.0606060606060606,,,,,,,5.312146892655367,5.132231404958676,,10.013110736433498
KEN,57.37041719342603,0.458706878067009,57.83517844701598,5.2660265916157485,-0.9345226730309912,2025-08,3558.849073408154,31.881918819188193,25.736040609137056,english,0.0329218106995884,,,,64.0,27.0,52.0,,,64.0,8.177192477588836
KGZ,58.16733067729084,0.2362953728670812,67.38929654972566,2.1443921428220634,-0.4612511092215122,2025-08,3906.36602991404,17.753623188405797,36.47058823529411,russian,,,,,,,,,,,8.27036281670156
KHM,61.11888111888112,0.2487425380612787,67.59586854284132,5.011218672915064,-0.4337624052272726,2025-08,4189.637022057561,32.87858117326057,36.25218914185639,english,,,,,,,,,,,8.34036937958309
KOR,44.52803981711904,3.725454261874139,51.394917517947775,-4.934927381915415,1.8632771386203328,2025-08,51496.35067757943,30.858015785453617,33.34204337601255,korean,0.0123546511627906,60.0,18.0,85.0,,,,5.606779661016949,5.575107296137339,60.0,10.849266223511568
KWT,58.07453416149069,0.3369833684618052,67.68603199185294,1.9298918715528828,-0.3389563236704838,2025-08,40520.77402630855,14.244186046511626,44.44444444444444,english,,,,,80.0,38.0,68.0,5.1241379310344835,4.994791666666667,80.0,10.609570060507629
LAO,62.880886426592795,0.2885905743125494,67.37788364810537,6.862628805795907,-0.4097869381589794,2025-08,3137.563145458921,13.648293963254591,32.35294117647059,english,,,,,,,,,,,8.051201709280198
LBN,53.8235294117647,0.7237694929087171,67.77799388369353,-2.3588303396155226,0.054526005539631,2025-08,7649.559298285476,34.38395415472779,28.258064516129032,english,,,,,80.0,38.0,68.0,,,80.0,8.942403317093914
LKA,60.09771986970684,1.00780969097685,58.51594424716837,7.714118419743535,-0.3358499012787592,2025-08,6855.768591970304,37.865612648221344,24.576802507836994,english,,,,,,,,,,,8.832845707078214
LTU,45.86173320350536,2.129776532955327,65.65331867785828,-9.449207381197908,1.3058248295108663,2025-08,45109.332193465,21.91387559808613,41.60377358490566,english,,42.0,60.0,65.0,,,,,,42.0,10.716844426335092
LVA,49.37106918238994,2.112291617793881,68.18235358621374,-6.977135585696914,1.4724915804438194,2025-08,37168.53471842537,21.240310077519386,48.18481848184818,english,,44.0,70.0,63.0,,,,,,44.0,10.523217841433432
MAR,57.29764181007011,0.7364220658651062,60.7735023021317,3.988120316620616,-0.4428534462210973,2025-08,6159.655576326082,42.063983488132095,31.56467854376453,english,0.0379048931771192,70.0,46.0,68.0,,,,5.801923076923076,5.390522875816994,70.0,8.725776142030302
MDA,52.916666666666664,1.2359199736766049,68.22669797995405,-3.4497256128731664,0.5993488731681214,2025-08,11853.79921916384,24.94929006085193,32.838283828382835,english,,,,,,,,,,,9.380403704391265
MDG,56.9060773480663,0.1219382063595331,67.70417403249444,0.7539942399299235,-0.5526804731606145,2025-08,950.4549962287342,29.331046312178387,26.77760968229955,french,,,,,,,,,,,6.856940813336473
MEX,53.02139926821155,0.3995778562692801,55.10792616468092,2.035570178609426,-1.1922365581663064,2025-08,21055.23141283793,29.720889664195376,32.853137387605145,spanish,0.0268608414239482,81.0,30.0,82.0,,,,5.223882113821137,4.618032786885246,81.0,9.954904331408958
MKD,56.310679611650485,1.0834015899757727,67.64328197052951,0.1835709136022885,0.4043490552226598,2025-08,14284.258368739234,17.878787878787875,27.728613569321535,english,,,,,,,,,,,9.566913396533058
MNE,47.48858447488584,2.1301752508287004,69.61481236568028,-9.447132225600626,1.5946796934123884,2025-08,20082.201107362056,6.756756756756757,42.63565891472868,english,,,,,,,,,,,9.907589184698672
MOZ,66.04215456674473,0.0950271318168425,50.65117849157179,16.884226199438395,-1.8213053454789625,2025-08,1200.8185090654026,7.947019867549669,32.240437158469945,portuguese,,,,,,,,,,,7.090758694145664
MUS,51.864406779661024,1.3250879343264177,65.97980319962105,-3.580438916329875,0.5249091999453782,2025-08,16566.49364893835,5.128205128205129,32.78145695364238,english,,,,,,,,,,,9.715137479636018
MYS,49.769295302013425,0.7466611773005524,56.34988653355704,-1.7259142645291163,-0.7547198981581223,2025-08,16744.801251132354,31.632862118418352,30.926675663517766,english,0.020358306188925,104.0,26.0,36.0,,,,5.17391304347826,5.089583333333334,104.0,9.725843116010799
NGA,58.29953432477092,0.2018990270958249,56.643839290380015,6.683762299698451,-1.2780778796251422,2025-08,1441.664986299227,34.42742523705325,35.23859465128474,english,0.0408986175115207,,,,77.0,20.0,54.0,5.797836538461537,5.1214859437751015,77.0,7.2735539651244006
NLD,44.7568988173456,2.561266349939384,53.180455640157874,-5.438393086308629,0.8291031774593409,2025-08,105769.21585185928,26.64008232570105,41.46609651802076,english,0.0127511591962905,38.0,80.0,53.0,,,,4.107534246575341,5.588850174216028,38.0,11.569014790584296
NOR,43.8731379144642,2.2597983776357173,59.17276377490244,-8.779853004507459,0.9639650964982168,2025-08,133499.89761071428,21.348314606741575,43.844856661045526,english,0.0235690235690235,31.0,69.0,50.0,,,,,,31.0,11.801855989861206
NPL,56.660231660231666,0.4218270479195148,62.55810596798355,2.618768722238464,-0.6275025558286769,2025-08,2250.486467692543,41.403674046161086,28.169856459330145,english,0.0463917525773195,,,,,,,,,,7.718901679692267
NZL,46.46549315451243,4.04852631687659,54.13837117645899,-4.122680426349618,2.3861137600977225,2025-08,74633.69897073443,20.455168631752127,43.715469613259664,english,,22.0,79.0,49.0,,,,4.8868131868131846,5.61911231884058,22.0,11.22034741302332
OMN,56.63082437275986,0.2967574400701719,65.97980319962105,1.1859786767689613,-0.5034212943108676,2025-08,27874.66708509641,6.0606060606060606,29.75206611570248,english,,,,,,,,,,,10.235473565555544
PAK,64.07820611951838,0.2394096958695171,60.76238575574617,10.773243991924431,-0.9406752674944634,2025-08,2515.0984411018367,48.19562641387483,29.347094458155702,english,0.0351123595505618,55.0,14.0,70.0,,,,,,55.0,7.830067223359015
PAN,54.21511627906976,0.9076556588864464,59.02599018451361,1.6223234174178955,-0.3988649406109006,2025-08,29533.717672235955,12.233285917496444,31.57894736842105,english,,95.0,11.0,86.0,,,,,,95.0,10.29328786157298
PER,52.61774813017991,0.8485933711590928,55.20851926880082,1.5906615539158864,-0.7358963568278859,2025-08,12646.323877661176,22.371541501976285,19.381527193815273,spanish,0.0272314674735249,64.0,16.0,87.0,,,,,,64.0,9.445121849366132
PHL,51.96177627880832,0.4506373532469348,54.536339723642605,1.2103789643619862,-1.1827971254615564,2025-08,5979.632691012824,31.038275406951165,27.297433316557623,english,0.0192107995846313,94.0,32.0,44.0,,,,5.4415525114155265,5.483333333333333,94.0,8.696114422150659
POL,46.23963982400491,1.6075854166559187,53.82327010302571,-4.219297479201096,-0.0777712234446783,2025-08,38209.25361666856,34.39407585309716,40.00442526828189,english,0.0197368421052631,68.0,60.0,93.0,,,,5.101631701631701,5.2768719806763285,68.0,10.550833006533033
PRT,48.75217643644806,2.012603970534846,56.8417967656557,-2.944786321997882,0.5470413365340461,2025-08,46013.61009194968,27.66259585345072,38.31845238095239,english,0.0179968701095461,63.0,27.0,104.0,,,,5.440909090909091,5.256329113924051,63.0,10.736692503273996
PRY,59.248120300751886,0.5773283079736656,72.15634580162157,1.2700132420840973,0.2268944968847515,2025-08,9785.666997682889,10.3397341211226,32.22416812609457,spanish,,,,,,,,,,,9.188674042829755
PSE,55.14950166112956,0.3828694822211485,69.08017685024927,-1.5669384016603516,-0.1915555579771464,2025-08,,27.035830618892508,31.343283582089555,english,,,,,,,,,,,
QAT,53.53319057815846,0.7669330494269564,69.01719190424515,-3.157416694278666,0.1879217606532841,2025-08,93076.97642309398,16.596638655462186,34.18994413407821,english,,,,,,,,4.733168316831683,4.619047619047619,,11.441182133251901
ROU,50.15356265356266,1.040092919159192,59.67116647210275,-2.7038442918543737,-0.2194491717016737,2025-08,31327.812791877608,31.289261142686208,39.06490310673639,english,0.0337186897880539,90.0,30.0,90.0,,,,,,90.0,10.352261569567924
RWA,62.74193548387097,0.2990548253742415,67.67736966418907,6.600845980887897,-0.3775156141100461,2025-08,1702.5314089029812,30.93415007656968,22.633136094674555,english,,,,,,,,,,,7.439871486548342
SAU,55.53914327917282,0.4143273937878727,61.60808563621731,1.8873238610739664,-0.704177936376871,2025-08,41985.798549031635,30.994989262705797,35.267857142857146,english,0.0244372990353697,,,,80.0,38.0,68.0,,,80.0,10.64508671030178
SEN,59.22693266832918,0.294766119812222,65.39761616050835,4.020866501124786,-0.5478045613454176,2025-08,3054.5670941438534,25.845410628019323,25.794155019059723,french,0.0845070422535211,,,,,,,,,,8.024393157520164
SGP,45.306277261520954,4.571735157758412,52.7763093764984,-4.723257165730999,2.810144076809081,2025-08,121453.275988157,26.90232558139535,33.02572157863735,english,0.0154061624649859,74.0,20.0,8.0,,,,4.986363636363638,5.318807339449541,74.0,11.707284908032415
SLV,63.52941176470588,0.399629947052067,63.37981544959199,9.150931013473643,-0.5898668842880299,2025-08,8315.64872508447,16.027088036117384,26.119402985074625,spanish,,66.0,19.0,94.0,,,,5.676923076923076,5.44,66.0,9.025894407234901
SRB,48.73501997336884,1.421558574939597,61.52232048141024,-4.8816235272407695,0.296808255392387,2025-08,21462.94212470453,26.575698505523064,39.468008626887126,english,,86.0,25.0,92.0,,,,,,86.0,9.974083104863308
SVK,51.24434389140271,0.9717083986314544,67.44489421176667,-4.8013975958147554,0.2782102600678869,2025-08,39478.157128320294,22.591362126245848,41.36933461909354,english,,104.0,52.0,51.0,,,,,,104.0,10.583502813843964
SVN,49.913043478260875,1.654879243622467,68.65631414774018,-6.629552562632661,1.0495906425439148,2025-08,53656.97978357421,17.6672384219554,41.90193164933135,english,,71.0,27.0,88.0,,,,5.33320610687023,5.331692913385827,71.0,10.890366838079048
SWE,46.94098538170006,2.198774555619245,56.385376244899014,-4.568780016528329,0.6999776633409771,2025-08,92702.13665967331,27.708609271523184,42.86064769381747,english,0.0197486535008976,31.0,71.0,29.0,,,,4.851471135940409,5.491433891992551,31.0,11.437146800475732
THA,54.0538274503228,0.9351838778279836,54.25114130219478,3.419402071197723,-0.7190173227251108,2025-08,10509.89704549089,28.51307189542483,33.33333333333333,english,0.0156075808249721,64.0,20.0,64.0,,,,5.627027027027025,5.173814898419865,64.0,9.260072667961065
TUN,60.53493449781659,0.8864614890600662,65.02898175542515,5.480060891811114,0.0170486952643168,2025-08,6506.121121775293,50.84835630965006,23.0,english,0.0478260869565217,,,,,,,,,,8.780498723794418
TUR,54.13096996553421,0.6830201869010764,58.64324948032797,1.6951552549798876,-0.6513696753435223,2025-08,22651.310447180294,46.43576705363138,40.695296523517385,english,0.0199769496734537,66.0,37.0,85.0,,,,5.571621621621618,5.377758420441347,66.0,10.027972985625215
TWN,46.641237550328455,2.2949679537585976,53.10219088845061,-3.521954668383053,0.557105933715897,2025-08,48391.047952063214,30.464876033057852,35.08862724802691,english,0.0148482892188508,58.0,17.0,69.0,,,,5.181944444444445,4.528601694915254,58.0,10.787070115929458
TZA,64.82939632545933,0.0416122668080403,67.35758676659594,8.819463314241595,-0.6582431630042623,2025-08,2148.799090380761,30.864197530864196,35.8433734939759,english,,,,,64.0,27.0,52.0,,,64.0,7.672664402453899
UGA,56.44891122278057,0.0858703413470118,67.64822391759395,0.319775623217815,-0.5928223455516252,2025-08,2079.882474647875,27.631578947368425,25.416036308623298,english,,,,,,,,,,,7.640066668525896
UKR,51.83762111593718,0.9231204363626976,58.424497373520374,-0.5084741033275719,-0.427197859608612,2025-08,7490.372998752378,34.46586082979418,32.224893162393165,english,0.0375699440447641,,,,,,,,,,8.921373874837714
URY,57.08556149732619,1.3136128765963584,69.72812451267032,0.1033706927351261,0.7863681426811416,2025-08,36408.30401277872,16.272965879265094,35.714285714285715,spanish,,61.0,36.0,100.0,,,,,,61.0,10.50255215982583
USA,49.07382312471334,3.6243515142461553,48.46432961971896,0.8128139742005658,1.5487836456483677,2025-08,132531.7570859901,26.10597212974185,40.43061765268305,english,0.0180879587018288,40.0,91.0,46.0,,,,4.88244680851064,5.898824517212426,40.0,11.794577571811361
UZB,53.97849462365591,0.0801153601568852,68.45514521615833,-2.481593529801984,-0.5398213558191072,2025-08,5015.875475814878,26.096033402922757,34.26150121065375,english,0.0678466076696165,,,,,,,,,,8.520363256608844
VNM,53.19333397553222,0.5969477865036321,57.533605172167285,1.2126313290098525,-0.8182408213197034,2025-08,6717.646893699442,42.61480787253984,27.567777669808574,english,0.0241518113858539,70.0,20.0,30.0,,,,,,70.0,8.812493207567186
ZAF,53.10633213859021,0.4576247861071426,53.88000582799242,2.624125114894447,-1.2236006424213348,2025-08,9272.848440503294,25.834627329192543,34.126093785057215,english,0.0410958904109589,49.0,65.0,49.0,,,,5.160439560439557,5.538389513108615,49.0,9.134845886495764
ZMB,62.64705882352941,0.1140808763192254,67.95309388976749,6.392883153669487,-0.5424127048523906,2025-08,2182.304943750481,9.749303621169917,27.540106951871657,english,,,,,64.0,27.0,52.0,5.314285714285714,5.125,64.0,7.688136910867753
ZWE,62.42774566473989,0.1535669768365056,66.89890229816241,6.605938554437387,-0.5796875605937244,2025-08,3813.703651493487,20.54054054054054,28.21917808219178,english,,,,,,,,5.666666666666667,5.5,,8.246356082956307
AGO,57.8125,0.0490722948350186,68.32935111849285,8.29021786022814,-0.7238943191364229,2025-11,5796.591076911293,17.22689075630252,34.33962264150943,portuguese,,,,,,,,,,,8.665025278384377
ALB,50.955414012738856,0.6777411725091346,71.46385174498947,0.698510347828531,0.0077513949987404,2025-11,15160.177657549832,25.13513513513514,30.69908814589666,english,,,,,,,,4.62,4.389583333333333,,9.626427377963438
ARE,45.27310924369747,1.6101738888729236,51.17705617234301,-0.2292518386494677,0.2737079229886141,2025-11,60127.05878296327,28.595151112587185,30.808861411643484,english,0.0208894878706199,,,,80.0,38.0,68.0,,,80.0,11.004215248534315
ARG,46.653212243525054,0.7479212737727772,52.64013457855129,0.8079547900367956,-0.5404786032129654,2025-11,20966.423275351695,32.02973497091144,33.90275952693823,spanish,0.0237341772151898,49.0,46.0,86.0,,,,5.640540540540542,5.998366013071895,49.0,9.950677545464252
ARM,46.360153256704976,0.9704925708835268,64.27222056347694,-2.211273933217072,0.0642382280364493,2025-11,12551.43122594346,15.770171149144252,34.8968105065666,english,,,,,,,,,,,9.437589979965491
AUS,39.71159544347139,3.2730127806431897,45.19022013648789,-4.387652625518314,1.7398630335619958,2025-11,102513.1805350331,24.125818297940288,41.712403951701425,english,0.0153721682847896,38.0,90.0,51.0,,,,4.740285204991085,5.6942829457364335,38.0,11.537746659879229
AUT,40.76561450638012,1.8801226088296348,54.61736599775117,-5.54303949214178,0.6566801399807545,2025-11,87151.06570374031,23.538461538461537,39.45981554677207,english,0.0311871227364185,11.0,55.0,70.0,,,,4.953846153846153,5.8920118343195265,11.0,11.375398279258258
AZE,49.44649446494465,0.2935268714116477,70.91166309512808,-0.6809947520321558,-0.3946037990409111,2025-11,10460.39769104414,33.05785123966942,36.29893238434164,english,,,,,,,,,,,9.25535175707247
BEL,42.47398843930637,2.173152607899171,52.18639152809329,-3.264926903757434,0.8698460425856696,2025-11,88245.97318402125,25.034162339437003,40.3393665158371,english,0.018542199488491,65.0,75.0,94.0,,,,,,65.0,11.38788334411166
BEN,50.1953125,0.2481033481042349,69.4931026211,0.4002861481196333,-0.4866308765825324,2025-11,2655.416999442524,27.703984819734345,27.798507462686565,french,,,,,,,,,,,7.884356983280025
BFA,47.97507788161993,0.0974112819035836,68.45569350519985,-1.5768146643607324,-0.6714046424224179,2025-11,1832.887591889975,13.553113553113556,23.837209302325583,french,,,,,,,,,,,7.513647921294773
BGD,49.82357092448835,0.0949254609515481,55.11835553964564,3.39750182697626,-1.1120581443423985,2025-11,3967.2406267898255,39.089813140446054,31.40013726835964,english,0.0436941410129096,80.0,20.0,60.0,,,,,,80.0,8.285826075793446
BGR,45.409604519774014,1.3261423388795888,60.3099534137484,-2.2332005119853378,0.2897167869909562,2025-11,27428.09326705219,26.31578947368421,40.750853242320815,english,,70.0,30.0,85.0,,,,,,70.0,10.219323068830594
BHR,56.97674418604651,0.8461312533664662,74.05363310083294,6.112882872660201,0.2612228087153464,2025-11,38161.782937228934,,30.96085409252669,english,,,,,,,,,,,10.549589847144468
BIH,50.60606060606061,0.6039904988368623,71.56345541562337,0.3258131906938573,-0.062727028282167,2025-11,14058.115992760766,11.11111111111111,32.035928143712574,english,,,,,,,,,,,9.550955158716235
BOL,47.40691489361703,0.70979520324711,53.819315423494075,1.285297109107198,-0.5398653887625144,2025-11,6038.784004183883,19.36758893280632,20.781758957654723,spanish,,,,,,,,4.509756097560977,5.37,,8.705957946849887
BRA,49.18403679252281,0.6960457037493059,49.90433100749237,3.979959683636004,-0.6822327314172857,2025-11,14782.600419414845,28.991336633663373,33.02416579109453,portuguese,0.0215239980207817,69.0,38.0,76.0,,,,5.326086956521742,6.0408745247148286,69.0,9.601206120799924
CAN,40.61575692390427,3.149905197767392,45.7555726672177,-3.615990763957683,1.6353288127738217,2025-11,83397.40614599641,29.94333724110981,41.78007263816566,english,0.0159739201303993,39.0,80.0,48.0,,,,,,39.0,11.331372486496232
CHE,41.62497498499099,3.2135759518105647,51.4052802702807,-3.930874150120424,1.8846077657675269,2025-11,159447.77850270874,23.382045929018787,41.30690737833594,english,0.0197910940076965,34.0,68.0,58.0,,,,4.89685534591195,5.795171339563863,34.0,11.979471740090968
CHL,45.65856265028053,1.038771760210779,54.59076710384306,-0.6438574621018702,-0.1855445543552996,2025-11,24248.62384782136,26.43985419198056,33.04529981670594,spanish,0.0273348519362186,63.0,23.0,86.0,,,,,,63.0,10.09611514621192
CIV,54.01987353206865,0.2341548537345083,51.152689186990926,8.523223251560786,-1.1031116336250366,2025-11,4825.4978829441125,24.600638977635786,26.117440841367223,french,0.0515759312320916,,,,,,,,,,8.481669196624498
CMR,54.41030723488603,0.2344626002035017,54.44361715549719,8.142374121346158,-0.994687988772342,2025-11,3250.193069497753,27.641408751334044,24.80544747081712,french,0.081081081081081,,,,,,,,,,8.086469679558626
COL,47.858623071609486,0.8852113512976895,50.246951481447695,2.5742472468784072,-0.4818110731932435,2025-11,11313.865939573909,27.239557121288374,23.210044112656934,spanish,0.0216503267973856,67.0,13.0,80.0,,,,5.563888888888888,5.458333333333333,67.0,9.333784326758648
CRI,46.030245746691875,1.1232288179264895,56.90778144935036,-0.8152046008341358,-0.0249672989537832,2025-11,26951.561234857145,18.414533443435175,29.54333643988816,english,,35.0,15.0,86.0,,,,4.7368421052631575,5.526086956521739,35.0,10.201796505451693
CYP,46.13935969868174,2.152112902079403,70.74468151782101,-3.948994652615219,1.458496434484868,2025-11,38404.71104586875,14.991482112436117,37.842778793418645,english,,,,,,,,,,,10.55593541453698
CZE,42.877341816896426,1.5417908970501115,55.92630719702459,-3.7380839755113584,0.361350692317975,2025-11,49714.93948841886,25.79916047788182,43.21329639889196,english,,57.0,58.0,74.0,,,,3.588749999999999,5.738729508196721,57.0,10.814060760243944
DEU,40.91714308720509,1.7899671238353485,47.575385336083635,-3.741107485029488,0.3351765146069598,2025-11,88693.9787891109,32.797555264515616,44.73476787262552,english,0.0198517401683628,35.0,67.0,65.0,,,,5.251794871794871,5.719660194174757,35.0,11.392947283119916
DNK,38.35551330798479,2.101285035454921,56.50991584348406,-8.396690722819848,0.9400179556651396,2025-11,113263.93711245504,22.085889570552148,42.671009771986974,english,0.020631067961165,18.0,74.0,23.0,,,,3.894267515923566,5.701388888888889,18.0,11.637476100784044
DOM,52.20082530949106,0.7393371736809133,51.11797536582547,6.7123107811449145,-0.5990697567383252,2025-11,16637.61618246597,20.33598585322723,28.561872909699005,english,,,,,,,,,,,9.719421445847487
DZA,48.292867981790586,0.3398694559742115,54.77522497620817,1.9472171479416855,-0.8783869178166361,2025-11,8969.58842511948,34.47395301327886,29.59409594095941,english,0.042152466367713,,,,,,,,,,9.101595070512925
ECU,45.33686378346572,1.0491681974158324,46.739263294583274,0.8745720967188788,-0.4330912858019973,2025-11,9988.291688510177,16.469428007889547,19.061413673232902,spanish,,78.0,8.0,67.0,,,,5.599999999999999,5.510204081632653,78.0,9.209168854868931
EGY,50.83380176128911,0.2780172167559116,56.70922771288599,4.034885731692526,-0.8767019282187831,2025-11,5227.316547705825,47.30105731775181,29.20531005637389,english,0.0292365998917162,,,,80.0,38.0,68.0,4.918303571428571,4.631426202321724,80.0,8.56165333699131
ESP,44.57221378462429,1.6223843478308473,50.284191194218195,-0.7208897763081836,0.2565853487810858,2025-11,53518.68827011927,33.122701122323875,37.25072741466184,english,0.0159229408295655,57.0,51.0,86.0,,,,5.519189189189189,4.825418994413408,57.0,10.887786185348528
EST,40.54834054834055,3.0522811466134745,65.50738275955536,-8.312567118505399,2.1866052277722003,2025-11,49410.33974231546,14.550641940085592,47.68583450210379,english,,40.0,60.0,60.0,,,,,,40.0,10.807914987799064
FIN,38.081884464385865,1.9465194605696456,53.99422064911416,-8.080725222474719,0.7026049790130258,2025-11,86239.00920358354,18.735362997658076,43.108182317408016,english,,33.0,63.0,59.0,,,,4.889090909090907,5.924418604651163,33.0,11.364877897250105
FRA,42.6099300368405,2.6619291116450263,47.26843083897685,-1.976380724980082,1.1970542156941055,2025-11,75225.64794338809,32.21784776902887,40.17413758855856,french,0.0264462809917355,68.0,71.0,86.0,,,,5.277027027027027,6.142265193370166,68.0,11.22824751486611
GBR,39.52807268612507,2.5949790810561173,43.475777074524856,-4.169367590485912,1.0055052352265783,2025-11,83152.8295627269,26.752676904941215,41.995374743493706,english,0.0191667623091931,35.0,89.0,35.0,,,,5.153086419753086,5.68213572854291,35.0,11.328435513659961
GEO,42.460615153788446,2.171438699100579,57.93476241391482,-4.625524991691044,1.0569816888399033,2025-11,14463.249642754525,23.44569288389513,36.37691745799854,english,,,,,,,,5.221666666666667,4.417643229166666,,9.579366203711222
GHA,50.99734042553192,0.2750510558506873,55.193938940631206,4.5535571209024965,-0.9294494299770624,2025-11,3978.246329458356,22.938689217758984,30.744336569579296,english,0.0632411067193675,,,,77.0,20.0,54.0,,,77.0,8.288596380437534
GRC,43.57381748686097,1.2124689760686305,56.94191662592407,-3.279632997995847,0.0653942922057533,2025-11,39376.65689246587,21.617915904936016,37.43565746373421,english,,60.0,35.0,112.0,,,,5.403333333333333,5.745726495726496,60.0,10.58092845505126
GTM,47.16267339218159,0.2557647435623005,60.1069812912087,-0.4325618005545166,-0.7873289923720579,2025-11,9620.500626667832,13.082437275985663,30.816831683168317,english,,95.0,6.0,101.0,,,,5.602419354838711,5.252252252252252,95.0,9.17165158249987
HND,48.302872062663184,0.2069935641093534,54.052824284635285,2.1265276546348133,-1.0349956292721525,2025-11,5256.315221358912,11.778290993071591,30.788804071246823,english,,,,,,,,,,,8.56718553198842
HRV,45.289855072463766,1.3116150994958584,69.0400882882646,-4.398999955894141,0.5619981268292188,2025-11,38045.172524694855,17.22222222222222,43.08943089430895,english,,73.0,33.0,80.0,,,,,,73.0,10.546529483353787
HUN,44.07200496585971,0.9850975020784908,59.85850358311098,-3.464995409073957,-0.0661593996548142,2025-11,36106.862456746145,23.753280839895012,44.363193174893354,english,,46.0,80.0,82.0,,,,5.558247422680412,5.011839708561021,46.0,10.494238222009805
IDN,48.27181004092548,0.4810011592233141,45.91467913011111,4.0027731493408965,-1.0283481474692442,2025-11,7231.199089520412,28.813653238765447,19.030907278165504,english,0.0439499816108863,78.0,14.0,48.0,,,,5.1789772727272725,4.467440119760479,78.0,8.886160150574304
IND,52.10832745236414,0.2173771497489811,51.58088535170805,6.511322392238789,-1.1058219336819817,2025-11,3948.7128605939074,52.14582038420955,27.817374238198532,english,0.0395431834403997,77.0,48.0,40.0,,,,5.466019417475729,5.070540935672514,77.0,8.281144946714395
IRL,42.10762331838565,2.3892582097304524,53.99582884780348,-4.055363276159646,1.14539656185714,2025-11,163661.46945325768,16.177178623013962,39.20879120879121,english,0.0216508795669824,28.0,70.0,35.0,,,,5.150666666666668,5.761217948717948,28.0,12.005555362736272
IRQ,41.14616870573085,0.4335879306892951,42.55070042776685,-2.3344647177033693,-1.1862771888767576,2025-11,10043.662811380043,13.521126760563378,47.83549783549784,english,0.048582995951417,,,,80.0,38.0,68.0,,,80.0,9.214697148565012
ISR,40.23107880046735,4.898751870056977,48.836592666599955,-4.72275635223523,3.4853953380529448,2025-11,90237.43265143564,23.454313332117454,41.631931287103704,english,0.0220095693779904,13.0,54.0,81.0,,,,4.72638888888889,4.8015432098765425,13.0,11.410199616099286
ITA,42.57741632780731,1.6158956958178057,48.35032506486839,-2.2624540535406936,0.186563955872665,2025-11,63346.04219526605,28.242314898341547,39.02289702461124,english,0.0243185462319615,50.0,76.0,75.0,,,,5.426877934272303,5.570488721804511,50.0,11.05636770858478
JAM,47.266881028938904,0.56048609947778,36.83819707432984,5.125066264651323,-1.2470502295426322,2025-11,9671.355122194287,5.483870967741936,33.12101910828025,english,,45.0,39.0,13.0,,,,,,45.0,9.176923715360676
JOR,51.172413793103445,0.3720232092084234,62.84747489490581,2.934899069853948,-0.5810378882683435,2025-11,7135.879551781071,29.67525195968645,31.914893617021285,english,,,,,,,,,,,8.872890795162947
JPN,38.558546342124885,1.5875485008703392,45.32655866982662,-5.572654893646735,0.0588778439294632,2025-11,55246.96466016575,27.103543852702437,43.08948295181687,japanese,0.0175195942830797,54.0,46.0,92.0,,,,5.10943396226415,5.3095854922279795,54.0,10.919568679593294
KAZ,46.832701678397406,0.5560996364019665,55.812925174179696,0.2438488188011547,-0.6280654749151057,2025-11,22317.150362946555,28.373450036469738,38.36116910229645,english,0.0606060606060606,,,,,,,5.312146892655367,5.132231404958676,,10.013110736433498
KEN,51.2594131394443,0.4295924936959076,51.96480953015998,5.572429164295684,-0.8809936404812929,2025-11,3558.849073408154,31.881918819188193,25.736040609137056,english,0.0329218106995884,,,,64.0,27.0,52.0,,,64.0,8.177192477588836
KGZ,47.33009708737864,0.3515772991740628,69.71809570897913,-2.5176600771760604,-0.3757652931041661,2025-11,3906.36602991404,17.753623188405797,36.47058823529411,russian,,,,,,,,,,,8.27036281670156
KHM,51.53153153153154,0.1872267743864506,69.39975315747202,1.758383154331277,-0.5505742330498511,2025-11,4189.637022057561,32.87858117326057,36.25218914185639,english,,,,,,,,,,,8.34036937958309
KOR,38.75071517517586,3.1235732362160524,46.85061967899122,-5.737674702860581,1.6449721118733611,2025-11,51496.35067757943,30.858015785453617,33.34204337601255,korean,0.0123546511627906,60.0,18.0,85.0,,,,5.606779661016949,5.575107296137339,60.0,10.849266223511568
KWT,46.21621621621622,0.3663082920383796,74.05363310083294,-4.647645097170091,-0.2186001526127401,2025-11,40520.77402630855,14.244186046511626,44.44444444444444,english,,,,,80.0,38.0,68.0,5.1241379310344835,4.994791666666667,80.0,10.609570060507629
LAO,54.365079365079374,0.1990727569476103,74.05363310083294,3.5012180516930655,-0.3858356877035095,2025-11,3137.563145458921,13.648293963254591,32.35294117647059,english,,,,,,,,,,,8.051201709280198
LBN,50.6631299734748,0.7774855610802022,61.51781216905336,2.73724347302047,-0.2192585587928616,2025-11,7649.559298285476,34.38395415472779,28.258064516129032,english,,,,,80.0,38.0,68.0,,,80.0,8.942403317093914
LKA,56.40614990390775,0.818546193417203,58.26938991918836,9.241584325617907,-0.2849173968407349,2025-11,6855.768591970304,37.865612648221344,24.576802507836994,english,,,,,,,,,,,8.832845707078214
LTU,43.24324324324324,2.0874177517129433,66.80240687674633,-5.921174521517486,1.2642868831427672,2025-11,45109.332193465,21.91387559808613,41.60377358490566,english,,42.0,60.0,65.0,,,,,,42.0,10.716844426335092
LUX,41.42480211081794,3.0687577195136395,74.05363310083294,-9.439059202568366,2.4838492748625196,2025-11,199973.81446042765,,36.26943005181347,english,,40.0,60.0,70.0,,,,,,40.0,12.205941709260532
LVA,44.29301533219762,1.917575822716445,69.74712993764828,-5.561546479057689,1.1911870834992624,2025-11,37168.53471842537,21.240310077519386,48.18481848184818,english,,44.0,70.0,63.0,,,,,,44.0,10.523217841433432
MAR,47.973778307508944,0.7587053975454772,52.88558512293179,2.0709955015818764,-0.5216307641695503,2025-11,6159.655576326082,42.063983488132095,31.56467854376453,english,0.0379048931771192,70.0,46.0,68.0,,,,5.801923076923076,5.390522875816994,70.0,8.725776142030302
MDA,46.12794612794613,1.4679180678156611,61.09590754634316,-1.699060118735602,0.457313238211763,2025-11,11853.79921916384,24.94929006085193,32.838283828382835,english,,,,,,,,,,,9.380403704391265
MDG,52.78637770897833,0.1335852376596771,66.52912690241787,3.686007579057403,-0.6985236183406545,2025-11,950.4549962287342,29.331046312178387,26.77760968229955,french,,,,,,,,,,,6.856940813336473
MEX,46.22164999504803,0.4354653678812342,49.131044690478326,1.198805191164297,-0.968217617513099,2025-11,21055.23141283793,29.720889664195376,32.853137387605145,spanish,0.0268608414239482,81.0,30.0,82.0,,,,5.223882113821137,4.618032786885246,81.0,9.954904331408958
MKD,52.38095238095239,1.075377603003403,71.48440463789034,2.119231809195334,0.4060630436994316,2025-11,14284.258368739234,17.878787878787875,27.728613569321535,english,,,,,,,,,,,9.566913396533058
MOZ,52.44956772334294,0.0741850279813422,55.44591508758139,5.946729684505996,-1.1220373588544237,2025-11,1200.8185090654026,7.947019867549669,32.240437158469945,portuguese,,,,,,,,,,,7.090758694145664
MYS,45.65317387304508,0.6571582760702485,52.89235185667427,-0.251194827687712,-0.6229555801112968,2025-11,16744.801251132354,31.632862118418352,30.926675663517766,english,0.020358306188925,104.0,26.0,36.0,,,,5.17391304347826,5.089583333333334,104.0,9.725843116010799
NGA,50.08730691739422,0.2171101573792904,49.97982625795677,4.865536260907497,-1.1586880543045104,2025-11,1441.664986299227,34.42742523705325,35.23859465128474,english,0.0408986175115207,,,,77.0,20.0,54.0,5.797836538461537,5.1214859437751015,77.0,7.2735539651244006
NLD,38.92080939295528,2.613993924829724,49.46428398651728,-6.180135494183446,1.221258753004327,2025-11,105769.21585185928,26.64008232570105,41.46609651802076,english,0.0127511591962905,38.0,80.0,53.0,,,,4.107534246575341,5.588850174216028,38.0,11.569014790584296
NOR,40.68817204301076,2.426805211905333,55.50996642138267,-5.829677474250055,1.232687084890162,2025-11,133499.89761071428,21.348314606741575,43.844856661045526,english,0.0235690235690235,31.0,69.0,50.0,,,,,,31.0,11.801855989861206
NPL,50.272892662219526,0.3211930435119695,62.01474943632393,2.2305407796579217,-0.659225341004545,2025-11,2250.486467692543,41.403674046161086,28.169856459330145,english,0.0463917525773195,,,,,,,,,,7.718901679692267
NZL,39.55539872971065,3.1095330630113116,53.67546147809411,-6.532504528193698,1.8551464792170609,2025-11,74633.69897073443,20.455168631752127,43.715469613259664,english,,22.0,79.0,49.0,,,,4.8868131868131846,5.61911231884058,22.0,11.22034741302332
OMN,46.17563739376771,0.3504592699832471,67.72679512035178,-3.205425885623683,-0.4423029407587548,2025-11,27874.66708509641,6.0606060606060606,29.75206611570248,english,,,,,,,,,,,10.235473565555544
PAK,56.99815837937384,0.2226378547086524,54.372590417775825,10.74687154433505,-1.0088461550018584,2025-11,2515.0984411018367,48.19562641387483,29.347094458155702,english,0.0351123595505618,55.0,14.0,70.0,,,,,,55.0,7.830067223359015
PAN,48.18791946308725,0.9481240153834908,50.099419858627925,2.938120088858639,-0.4237452225575721,2025-11,29533.717672235955,12.233285917496444,31.57894736842105,english,,95.0,11.0,86.0,,,,,,95.0,10.29328786157298
PER,46.48334945419372,1.1950797922960106,48.479757889802784,1.6131443718561798,-0.2299997287363977,2025-11,12646.323877661176,22.371541501976285,19.381527193815273,spanish,0.0272314674735249,64.0,16.0,87.0,,,,,,64.0,9.445121849366132
PHL,49.198520345252774,0.476687962838879,52.91333025256667,3.2892350140828555,-0.8027366962103493,2025-11,5979.632691012824,31.038275406951165,27.297433316557623,english,0.0192107995846313,94.0,32.0,44.0,,,,5.4415525114155265,5.483333333333333,94.0,8.696114422150659
POL,43.69643662607127,1.4081404646208482,51.845237042467645,-1.9625235795076037,0.0936260503194554,2025-11,38209.25361666856,34.39407585309716,40.00442526828189,english,0.0197368421052631,68.0,60.0,93.0,,,,5.101631701631701,5.2768719806763285,68.0,10.550833006533033
PRI,40.322580645161295,0.9228347101494544,36.83819707432984,-1.8192341191262855,-0.8847016188709579,2025-11,59332.5492819456,,44.77317554240632,english,,,,,,,,,,,10.99091332616957
PRT,42.212075088787415,2.226889070203001,53.81231049516721,-3.90790097611724,0.9769983473225644,2025-11,46013.61009194968,27.66259585345072,38.31845238095239,english,0.0179968701095461,63.0,27.0,104.0,,,,5.440909090909091,5.256329113924051,63.0,10.736692503273996
PRY,47.23707664884135,0.4704961266112956,63.32785196080246,-1.1130223022776278,-0.4667832829830966,2025-11,9785.666997682889,10.3397341211226,32.22416812609457,spanish,,,,,,,,,,,9.188674042829755
PSE,50.627615062761514,0.3241532764522807,73.96138361338622,-0.2146260733664178,-0.2637858137511529,2025-11,,27.035830618892508,31.343283582089555,english,,,,,,,,,,,
QAT,45.56962025316455,1.393347029362685,61.07250367709055,-2.251900913699629,0.3819733192563526,2025-11,93076.97642309398,16.596638655462186,34.18994413407821,english,,,,,,,,4.733168316831683,4.619047619047619,,11.441182133251901
ROU,45.77287066246057,0.9823259932087368,56.593447109864776,-0.99891028780187,-0.1761968582070705,2025-11,31327.812791877608,31.289261142686208,39.06490310673639,english,0.0337186897880539,90.0,30.0,90.0,,,,,,90.0,10.352261569567924
RWA,54.85362095531587,0.2995794795410811,61.65907933819822,6.894626181610008,-0.6925236311545161,2025-11,1702.5314089029812,30.93415007656968,22.633136094674555,english,,,,,,,,,,,7.439871486548342
SAU,50.08210180623974,0.4493441175406552,56.77007019508713,3.2689263451120283,-0.7033761870807953,2025-11,41985.798549031635,30.994989262705797,35.267857142857146,english,0.0244372990353697,,,,80.0,38.0,68.0,,,80.0,10.64508671030178
SEN,48.88597640891219,0.2707121327434891,56.258572049493154,2.1926789100491533,-0.8988122715306168,2025-11,3054.5670941438534,25.845410628019323,25.794155019059723,french,0.0845070422535211,,,,,,,,,,8.024393157520164
SGP,39.63244107071514,4.186463372081915,48.33320604687387,-5.203417188573717,2.756569226022865,2025-11,121453.275988157,26.90232558139535,33.02572157863735,english,0.0154061624649859,74.0,20.0,8.0,,,,4.986363636363638,5.318807339449541,74.0,11.707284908032415
SLV,47.01348747591522,0.4672021677294812,64.56920935020727,-1.6275438970822975,-0.4292952889765089,2025-11,8315.64872508447,16.027088036117384,26.119402985074625,spanish,,66.0,19.0,94.0,,,,5.676923076923076,5.44,66.0,9.025894407234901
SRB,43.02583025830258,1.2414780052574423,59.40663612473215,-4.405267581908767,0.1753760334768699,2025-11,21462.94212470453,26.575698505523064,39.468008626887126,english,,86.0,25.0,92.0,,,,,,86.0,9.974083104863308
SVK,44.44444444444445,1.078233256091507,67.14918874929047,-4.801247328030698,0.2664951114132214,2025-11,39478.157128320294,22.591362126245848,41.36933461909354,english,,104.0,52.0,51.0,,,,,,104.0,10.583502813843964
SVN,43.872919818456886,1.8458592341559892,70.9074164302889,-6.2535741231084145,1.1575890492599008,2025-11,53656.97978357421,17.6672384219554,41.90193164933135,english,,71.0,27.0,88.0,,,,5.33320610687023,5.331692913385827,71.0,10.890366838079048
SWE,38.556338028169016,2.2950741864016697,52.15787302256599,-7.175893536353463,0.9908307109293464,2025-11,92702.13665967331,27.708609271523184,42.86064769381747,english,0.0197486535008976,31.0,71.0,29.0,,,,4.851471135940409,5.491433891992551,31.0,11.437146800475732
TGO,62.184873949579824,0.168596566074975,69.09545803041506,12.483042115895657,-0.5792013605738972,2025-11,1794.2569461842215,,29.03225806451613,french,,,,,,,,,,,7.49234625766076
THA,47.845486996430395,0.5939786108934958,52.94725492726463,1.9282508624896053,-0.6843315306951726,2025-11,10509.89704549089,28.51307189542483,33.33333333333333,english,0.0156075808249721,64.0,20.0,64.0,,,,5.627027027027025,5.173814898419865,64.0,9.260072667961065
TUN,52.10222588623249,1.1353870947885227,60.19930216640478,4.485353785350519,0.095326349687423,2025-11,6506.121121775293,50.84835630965006,23.0,english,0.0478260869565217,,,,,,,,,,8.780498723794418
TUR,46.43107886730634,0.5584493818965792,55.110047402566586,0.0069569177005135,-0.6488071682058814,2025-11,22651.310447180294,46.43576705363138,40.695296523517385,english,0.0199769496734537,66.0,37.0,85.0,,,,5.571621621621618,5.377758420441347,66.0,10.027972985625215
TWN,40.927205100956435,1.77055872482583,50.67209902915993,-4.456811010099393,0.4175035489366336,2025-11,48391.047952063214,30.464876033057852,35.08862724802691,english,0.0148482892188508,58.0,17.0,69.0,,,,5.181944444444445,4.528601694915254,58.0,10.787070115929458
TZA,55.59105431309904,0.0329602270797724,70.66116304672738,5.522273882474934,-0.6634000485288952,2025-11,2148.799090380761,30.864197530864196,35.8433734939759,english,,,,,64.0,27.0,52.0,,,64.0,7.672664402453899
UGA,50.31347962382444,0.0902042146415197,58.49175055113351,3.096800191994596,-1.0059542265162302,2025-11,2079.882474647875,27.631578947368425,25.416036308623298,english,,,,,,,,,,,7.640066668525896
UKR,47.72789488091979,1.0911253132068568,50.047087804567454,2.490360380094799,-0.2824631744695871,2025-11,7490.372998752378,34.46586082979418,32.224893162393165,english,0.0375699440447641,,,,,,,,,,8.921373874837714
URY,47.269890795631824,1.0960341333426955,63.33820897920416,-1.0826354922660428,0.1590949798583709,2025-11,36408.30401277872,16.272965879265094,35.714285714285715,spanish,,61.0,36.0,100.0,,,,,,61.0,10.50255215982583
USA,44.92429310393563,3.694861712777051,44.59139456527265,0.965389608719299,2.1420389235549644,2025-11,132531.7570859901,26.10597212974185,40.43061765268305,english,0.0180879587018288,40.0,91.0,46.0,,,,4.88244680851064,5.898824517212426,40.0,11.794577571811361
UZB,47.05882352941176,0.1336507947850747,52.08024348986117,1.3447857164646777,-1.1731430211230796,2025-11,5015.875475814878,26.096033402922757,34.26150121065375,english,0.0678466076696165,,,,,,,,,,8.520363256608844
VNM,49.14041538308655,0.5574086378610922,55.017592699350715,2.7379617064134294,-0.6528852996875966,2025-11,6717.646893699442,42.61480787253984,27.567777669808574,english,0.0241518113858539,70.0,20.0,30.0,,,,,,70.0,8.812493207567186
ZAF,47.85714285714286,0.3826986384418128,50.73229069261889,2.4590198445802827,-0.9683790782527876,2025-11,9272.848440503294,25.834627329192543,34.126093785057215,english,0.0410958904109589,49.0,65.0,49.0,,,,5.160439560439557,5.538389513108615,49.0,9.134845886495764
ZMB,53.50140056022409,0.1148353933662363,59.03443185300724,6.157534883071271,-0.9634944969846884,2025-11,2182.304943750481,9.749303621169917,27.540106951871657,english,,,,,64.0,27.0,52.0,5.314285714285714,5.125,64.0,7.688136910867753
ZWE,56.16045845272206,0.1463776381172283,58.21227696057089,9.009278231069274,-0.958962267541524,2025-11,3813.703651493487,20.54054054054054,28.21917808219178,english,,,,,,,,5.666666666666667,5.5,,8.246356082956307
AGO,45.142857142857146,0.0704511740246235,52.567991604569265,-0.3553896289715865,-1.19614338467604,2026-02,5796.591076911293,17.22689075630252,34.33962264150943,portuguese,,,,,,,,,,,8.665025278384377
ALB,49.45355191256831,0.7962682887775874,72.36485177291223,0.7991841157043851,0.064795969330724,2026-02,15160.177657549832,25.13513513513514,30.69908814589666,english,,,,,,,,4.62,4.389583333333333,,9.626427377963438
ARE,43.23316516779995,1.9789698387007608,48.60121438172117,-1.632676824270746,0.6051506649823146,2026-02,60127.05878296327,28.595151112587185,30.808861411643484,english,0.0208894878706199,,,,80.0,38.0,68.0,,,80.0,11.004215248534315
ARG,45.377805229565574,0.6213164873827083,52.89614567256304,-0.1727576138340509,-0.6364078495660294,2026-02,20966.423275351695,32.02973497091144,33.90275952693823,spanish,0.0237341772151898,49.0,46.0,86.0,,,,5.640540540540542,5.998366013071895,49.0,9.950677545464252
ARM,41.467576791808874,1.117601185629311,71.08249394294151,-6.982350680964608,0.3514658848983801,2026-02,12551.43122594346,15.770171149144252,34.8968105065666,english,,,,,,,,,,,9.437589979965491
AUS,40.14385692068429,3.4101997036085856,44.284401095606725,-4.033775675674065,1.9196942082985944,2026-02,102513.1805350331,24.125818297940288,41.712403951701425,english,0.0153721682847896,38.0,90.0,51.0,,,,4.740285204991085,5.6942829457364335,38.0,11.537746659879229
AUT,40.445765230312034,2.1713238939290354,52.13524949134719,-4.983491486005654,0.8930320293587712,2026-02,87151.06570374031,23.538461538461537,39.45981554677207,english,0.0311871227364185,11.0,55.0,70.0,,,,4.953846153846153,5.8920118343195265,11.0,11.375398279258258
AZE,50.62893081761008,0.3475132062197625,70.01001445433914,2.3499837444612552,-0.4476119252527323,2026-02,10460.39769104414,33.05785123966942,36.29893238434164,english,,,,,,,,,,,9.25535175707247
BEL,41.67378309137489,2.399726802329894,49.8583668879585,-3.3924808576562455,1.0598892933047717,2026-02,88245.97318402125,25.034162339437003,40.3393665158371,english,0.018542199488491,65.0,75.0,94.0,,,,,,65.0,11.38788334411166
BEN,48.30827067669173,0.2611013395418977,55.55889934434397,2.333197442425366,-0.9246470024607708,2026-02,2655.416999442524,27.703984819734345,27.798507462686565,french,,,,,,,,,,,7.884356983280025
BFA,56.34146341463414,0.12497022333358,51.893845886959745,10.9506925483375,-1.1598469405137035,2026-02,1832.887591889975,13.553113553113556,23.837209302325583,french,,,,,,,,,,,7.513647921294773
BGD,49.91474850809889,0.0808711482769567,52.019018779149555,4.50402191178015,-1.2005625094085977,2026-02,3967.2406267898255,39.089813140446054,31.40013726835964,english,0.0436941410129096,80.0,20.0,60.0,,,,,,80.0,8.285826075793446
BGR,44.0499671268902,1.4409268453524329,61.028221051328934,-2.797054541891036,0.4030178907149064,2026-02,27428.09326705219,26.31578947368421,40.750853242320815,english,,70.0,30.0,85.0,,,,,,70.0,10.219323068830594
BHR,46.63865546218487,0.788165817711598,72.36485177291223,-2.0157123346790513,0.0566934982647346,2026-02,38161.782937228934,,30.96085409252669,english,,,,,,,,,,,10.549589847144468
BIH,46.73629242819843,0.7228469201456627,72.36485177291223,-1.918075368665491,-0.0086253993012006,2026-02,14058.115992760766,11.11111111111111,32.035928143712574,english,,,,,,,,,,,9.550955158716235
BOL,46.38297872340425,0.3413026785935904,62.403739467288545,-0.683335426912798,-0.6594251024323652,2026-02,6038.784004183883,19.36758893280632,20.781758957654723,spanish,,,,,,,,4.509756097560977,5.37,,8.705957946849887
BRA,47.90308299122595,0.6536128564894872,48.34030024418597,3.078837322420725,-0.7272589991362683,2026-02,14782.600419414845,28.991336633663373,33.02416579109453,portuguese,0.0215239980207817,69.0,38.0,76.0,,,,5.326086956521742,6.0408745247148286,69.0,9.601206120799924
CAN,39.71318476145076,3.6218881303135135,43.69517228399812,-4.370509835393499,2.1154553900556055,2026-02,83397.40614599641,29.94333724110981,41.78007263816566,english,0.0159739201303993,39.0,80.0,48.0,,,,,,39.0,11.331372486496232
CHE,40.048820179007336,4.021461067106105,48.30855274647615,-4.770364134403032,2.6397310555949858,2026-02,159447.77850270874,23.382045929018787,41.30690737833594,english,0.0197910940076965,34.0,68.0,58.0,,,,4.89685534591195,5.795171339563863,34.0,11.979471740090968
CHL,44.814534443603335,0.7505953215828145,57.05702901549608,-1.3993786123895688,-0.3946575833908325,2026-02,24248.62384782136,26.43985419198056,33.04529981670594,spanish,0.0273348519362186,63.0,23.0,86.0,,,,,,63.0,10.09611514621192
CIV,51.976284584980235,0.2173624356084774,51.76675739811408,6.605774843340477,-1.070890014246596,2026-02,4825.4978829441125,24.600638977635786,26.117440841367223,french,0.0515759312320916,,,,,,,,,,8.481669196624498
CMR,50.45955882352941,0.2586954193884432,51.098483480290525,5.195588873785461,-1.047620916976901,2026-02,3250.193069497753,27.641408751334044,24.80544747081712,french,0.081081081081081,,,,,,,,,,8.086469679558626
COL,46.580434136187925,0.7017208579423554,49.9667884168455,1.4968850488077408,-0.6351859453633765,2026-02,11313.865939573909,27.239557121288374,23.210044112656934,spanish,0.0216503267973856,67.0,13.0,80.0,,,,5.563888888888888,5.458333333333333,67.0,9.333784326758648
CRI,43.2,0.8198837686213815,55.19927911216129,-2.717740658990877,-0.3755853463872155,2026-02,26951.561234857145,18.414533443435175,29.54333643988816,english,,35.0,15.0,86.0,,,,4.7368421052631575,5.526086956521739,35.0,10.201796505451693
CYP,42.94385432473444,2.7182619735157374,69.61305019018786,-5.271806588406093,1.912406635125074,2026-02,38404.71104586875,14.991482112436117,37.842778793418645,english,,,,,,,,,,,10.55593541453698
CZE,41.52744630071599,1.6394839984465226,54.086978768251136,-4.2129655055317485,0.4139486686091831,2026-02,49714.93948841886,25.79916047788182,43.21329639889196,english,,57.0,58.0,74.0,,,,3.588749999999999,5.738729508196721,57.0,10.814060760243944
DEU,40.37684603632661,2.165699062753615,45.53041931268856,-3.9994334292356513,0.7088742649282727,2026-02,88693.9787891109,32.797555264515616,44.73476787262552,english,0.0198517401683628,35.0,67.0,65.0,,,,5.251794871794871,5.719660194174757,35.0,11.392947283119916
DNK,39.20454545454545,2.514383380782746,51.95223653503367,-6.195534360265469,1.2311445548174846,2026-02,113263.93711245504,22.085889570552148,42.671009771986974,english,0.020631067961165,18.0,74.0,23.0,,,,3.894267515923566,5.701388888888889,18.0,11.637476100784044
DOM,51.02711585866886,0.6241488916665621,53.07524417160399,5.448000177416731,-0.6287342942592955,2026-02,16637.61618246597,20.33598585322723,28.561872909699005,english,,,,,,,,,,,9.719421445847487
DZA,46.9208211143695,0.2680858266939692,56.072143591706855,0.8639237450480906,-0.9037891834471072,2026-02,8969.58842511948,34.47395301327886,29.59409594095941,english,0.042152466367713,,,,,,,,,,9.101595070512925
ECU,49.871904355251914,0.366008796027796,47.64819369127552,5.157998004127904,-1.0335711580159053,2026-02,9988.291688510177,16.469428007889547,19.061413673232902,spanish,,78.0,8.0,67.0,,,,5.599999999999999,5.510204081632653,78.0,9.209168854868931
EGY,50.6175611947002,0.2350396481333152,55.883745420166456,4.590699266616468,-0.9419278893362732,2026-02,5227.316547705825,47.30105731775181,29.20531005637389,english,0.0292365998917162,,,,80.0,38.0,68.0,4.918303571428571,4.631426202321724,80.0,8.56165333699131
ESP,43.85861367958555,1.8263831395769312,48.425980495978266,-0.9792915918946647,0.4478272778920857,2026-02,53518.68827011927,33.122701122323875,37.25072741466184,english,0.0159229408295655,57.0,51.0,86.0,,,,5.519189189189189,4.825418994413408,57.0,10.887786185348528
EST,41.98047419804742,3.2182493132928185,64.72643055638973,-5.45613575264592,2.280305410423573,2026-02,49410.33974231546,14.550641940085592,47.68583450210379,english,,40.0,60.0,60.0,,,,,,40.0,10.807914987799064
FIN,37.56962025316455,2.2231519038258245,53.51777951172309,-8.08004677205799,0.9822307411773832,2026-02,86239.00920358354,18.735362997658076,43.108182317408016,english,,33.0,63.0,59.0,,,,4.889090909090907,5.924418604651163,33.0,11.364877897250105
FRA,42.480478012076766,2.8905038777723675,45.908972490164224,-1.956152419869312,1.4439116230010676,2026-02,75225.64794338809,32.21784776902887,40.17413758855856,french,0.0264462809917355,68.0,71.0,86.0,,,,5.277027027027027,6.142265193370166,68.0,11.22824751486611
GBR,39.508966939781125,3.0752626545203783,42.93499825992651,-4.4535366601244135,1.5482819070267442,2026-02,83152.8295627269,26.752676904941215,41.995374743493706,english,0.0191667623091931,35.0,89.0,35.0,,,,5.153086419753086,5.68213572854291,35.0,11.328435513659961
GEO,45.51131928181109,2.130583618230064,57.31034119987861,-0.742978153534338,0.9921779093362182,2026-02,14463.249642754525,23.44569288389513,36.37691745799854,english,,,,,,,,5.221666666666667,4.417643229166666,,9.579366203711222
GHA,48.78201124297314,0.2958347954321446,48.7196859074872,3.897281888454124,-1.0747820144964562,2026-02,3978.246329458356,22.938689217758984,30.744336569579296,english,0.0632411067193675,,,,77.0,20.0,54.0,,,77.0,8.288596380437534
GRC,44.06614785992218,1.2133977696225304,57.99434370990988,-2.2971969033696595,0.093481101501345,2026-02,39376.65689246587,21.617915904936016,37.43565746373421,english,,60.0,35.0,112.0,,,,5.403333333333333,5.745726495726496,60.0,10.58092845505126
GTM,49.71910112359551,0.2357175129164846,53.64737317798668,4.048773584971954,-1.0017006471197052,2026-02,9620.500626667832,13.082437275985663,30.816831683168317,english,,95.0,6.0,101.0,,,,5.602419354838711,5.252252252252252,95.0,9.17165158249987
HND,53.04347826086957,0.1961086858165519,52.49175209172584,7.557385998764978,-1.0725466773998518,2026-02,5256.315221358912,11.778290993071591,30.788804071246823,english,,,,,,,,,,,8.56718553198842
HRV,42.992424242424235,1.6753247767879156,63.90533057042428,-4.313281569566051,0.7151859975895581,2026-02,38045.172524694855,17.22222222222222,43.08943089430895,english,,73.0,33.0,80.0,,,,,,73.0,10.546529483353787
HTI,42.51207729468599,0.1180097751203447,36.93889147166692,-0.4944949836939116,-1.5710497093070033,2026-02,3475.4520114928823,,37.93103448275862,french,,,,,,,,,,,8.15347982478959
HUN,45.36862003780718,1.001847748606121,59.01904109819393,-1.1580874478538092,-0.090370670585018,2026-02,36106.862456746145,23.753280839895012,44.363193174893354,english,,46.0,80.0,82.0,,,,5.558247422680412,5.011839708561021,46.0,10.494238222009805
IDN,47.83346806790622,0.2470027097730582,48.456878086167094,2.9906369378207103,-1.1307179695895002,2026-02,7231.199089520412,28.813653238765447,19.030907278165504,english,0.0439499816108863,78.0,14.0,48.0,,,,5.1789772727272725,4.467440119760479,78.0,8.886160150574304
IND,50.01089525469753,0.2339323090296645,48.4885153103504,5.163020349610861,-1.142933195213972,2026-02,3948.7128605939074,52.14582038420955,27.817374238198532,english,0.0395431834403997,77.0,48.0,40.0,,,,5.466019417475729,5.070540935672514,77.0,8.281144946714395
IRL,39.80039920159681,2.7457600224358396,49.834628714302006,-5.26208028119391,1.405280854858056,2026-02,163661.46945325768,16.177178623013962,39.20879120879121,english,0.0216508795669824,28.0,70.0,35.0,,,,5.150666666666668,5.761217948717948,28.0,12.005555362736272
IRQ,41.24043495771244,0.3509323043256563,46.2150073949832,-3.2449851908493272,-1.0873876243209972,2026-02,10043.662811380043,13.521126760563378,47.83549783549784,english,0.048582995951417,,,,80.0,38.0,68.0,,,80.0,9.214697148565012
ISR,41.29621314174525,4.312309116056193,49.59603081321281,-3.7282277912070967,2.965380489219396,2026-02,90237.43265143564,23.454313332117454,41.631931287103704,english,0.0220095693779904,13.0,54.0,81.0,,,,4.72638888888889,4.8015432098765425,13.0,11.410199616099286
ITA,41.69767853978381,1.7434475720170977,46.84173535812279,-2.887657923012746,0.3220685152150877,2026-02,63346.04219526605,28.242314898341547,39.02289702461124,english,0.0243185462319615,50.0,76.0,75.0,,,,5.426877934272303,5.570488721804511,50.0,11.05636770858478
JAM,49.71264367816091,0.6664222519340566,72.36485177291223,1.0582758812969857,-0.0650500675128067,2026-02,9671.355122194287,5.483870967741936,33.12101910828025,english,,45.0,39.0,13.0,,,,,,45.0,9.176923715360676
JOR,49.32330827067669,0.3422969598196042,70.48206888877142,0.9691037621161982,-0.4400682277095056,2026-02,7135.879551781071,29.67525195968645,31.914893617021285,english,,,,,,,,,,,8.872890795162947
JPN,36.9336847045233,1.5019747469938538,43.986655178468254,-7.196479649840711,0.0034209823849462,2026-02,55246.96466016575,27.103543852702437,43.08948295181687,japanese,0.0175195942830797,54.0,46.0,92.0,,,,5.10943396226415,5.3095854922279795,54.0,10.919568679593294
KAZ,43.814432989690715,0.5965722121289637,51.98901344105213,-1.5915099956095489,-0.6856725097140238,2026-02,22317.150362946555,28.373450036469738,38.36116910229645,english,0.0606060606060606,,,,,,,5.312146892655367,5.132231404958676,,10.013110736433498
KEN,48.547589616810875,0.3692438476413071,49.271359975004785,3.5749094403608552,-0.9864608469398136,2026-02,3558.849073408154,31.881918819188193,25.736040609137056,english,0.0329218106995884,,,,64.0,27.0,52.0,,,64.0,8.177192477588836
KGZ,40.64665127020785,0.3776686034070235,58.61854561669619,-5.81620708994344,-0.7253754738454281,2026-02,3906.36602991404,17.753623188405797,36.47058823529411,russian,,,,,,,,,,,8.27036281670156
KHM,50.0,0.1553514104079599,66.57575968817648,2.2685601366129475,-0.7326039014572686,2026-02,4189.637022057561,32.87858117326057,36.25218914185639,english,,,,,,,,,,,8.34036937958309
KOR,40.25302922309337,3.009269411659475,45.78249601466499,-4.163437654627387,1.5592584140063972,2026-02,51496.35067757943,30.858015785453617,33.34204337601255,korean,0.0123546511627906,60.0,18.0,85.0,,,,5.606779661016949,5.575107296137339,60.0,10.849266223511568
KWT,41.64759725400457,0.436931800524087,67.88681335095394,-6.292857776174337,-0.4155848626947639,2026-02,40520.77402630855,14.244186046511626,44.44444444444444,english,,,,,80.0,38.0,68.0,5.1241379310344835,4.994791666666667,80.0,10.609570060507629
LBN,43.142857142857146,0.7257637890036541,65.75452728161869,-4.457657470629826,-0.1843899786069822,2026-02,7649.559298285476,34.38395415472779,28.258064516129032,english,,,,,80.0,38.0,68.0,,,80.0,8.942403317093914
LKA,52.00836820083683,0.6380611383872808,56.23082372207745,5.926173198887852,-0.5295246427565233,2026-02,6855.768591970304,37.865612648221344,24.576802507836994,english,,,,,,,,,,,8.832845707078214
LTU,43.94213381555154,2.2915714247649697,59.99149778779755,-2.739607901694413,1.2256391538262776,2026-02,45109.332193465,21.91387559808613,41.60377358490566,english,,42.0,60.0,65.0,,,,,,42.0,10.716844426335092
LUX,43.21705426356589,4.194161157620353,72.36485177291223,-5.437313533298031,3.4626888381734893,2026-02,199973.81446042765,,36.26943005181347,english,,40.0,60.0,70.0,,,,,,40.0,12.205941709260532
LVA,41.977077363896846,2.288947986827339,58.75949900258281,-4.5082525367393345,1.189713972930624,2026-02,37168.53471842537,21.240310077519386,48.18481848184818,english,,44.0,70.0,63.0,,,,,,44.0,10.523217841433432
MAR,47.33460257020467,0.644423481225852,51.84067876817639,1.9523078895256416,-0.6418308250478615,2026-02,6159.655576326082,42.063983488132095,31.56467854376453,english,0.0379048931771192,70.0,46.0,68.0,,,,5.801923076923076,5.390522875816994,70.0,8.725776142030302
MDA,48.93267651888342,1.5506901351129412,61.238703816569306,2.0520985651593264,0.5184706689954113,2026-02,11853.79921916384,24.94929006085193,32.838283828382835,english,,,,,,,,,,,9.380403704391265
MDG,49.4908350305499,0.1055919256346303,70.47545331840671,1.1376852114979172,-0.6769520851420755,2026-02,950.4549962287342,29.331046312178387,26.77760968229955,french,,,,,,,,,,,6.856940813336473
MEX,45.606605970781274,0.4166831174394116,48.242443549100315,0.7979611381780529,-0.966833869452359,2026-02,21055.23141283793,29.720889664195376,32.853137387605145,spanish,0.0268608414239482,81.0,30.0,82.0,,,,5.223882113821137,4.618032786885246,81.0,9.954904331408958
MKD,50.89058524173028,1.313070139075852,69.55909329640896,2.683526424349033,0.5057563101176632,2026-02,14284.258368739234,17.878787878787875,27.728613569321535,english,,,,,,,,,,,9.566913396533058
MNG,53.91304347826087,0.4133902839101274,72.36485177291223,5.258675681396944,-0.3180820355367358,2026-02,10677.466362993113,,23.7410071942446,english,,,,,,,,,,,9.275890852440757
MOZ,54.106280193236714,0.0462683668725168,64.8336053359824,6.6525838676157605,-0.8887785307363252,2026-02,1200.8185090654026,7.947019867549669,32.240437158469945,portuguese,,,,,,,,,,,7.090758694145664
MUS,51.33333333333333,1.3281068654881052,55.58413373548024,5.354237097856576,0.1430406257873278,2026-02,16566.49364893835,5.128205128205129,32.78145695364238,english,,,,,,,,,,,9.715137479636018
MYS,44.1222983658408,0.5879817393007349,52.47950293015957,-1.3618410696019083,-0.6810047268638426,2026-02,16744.801251132354,31.632862118418352,30.926675663517766,english,0.020358306188925,104.0,26.0,36.0,,,,5.17391304347826,5.089583333333334,104.0,9.725843116010799
NGA,48.52607709750567,0.2224309795296372,46.02486924720638,4.070969786472517,-1.2210285091553603,2026-02,1441.664986299227,34.42742523705325,35.23859465128474,english,0.0408986175115207,,,,77.0,20.0,54.0,5.797836538461537,5.1214859437751015,77.0,7.2735539651244006
NLD,38.644981041708235,3.3347382179185834,47.509476449299406,-6.0468102669184915,1.9314086449697552,2026-02,105769.21585185928,26.64008232570105,41.46609651802076,english,0.0127511591962905,38.0,80.0,53.0,,,,4.107534246575341,5.588850174216028,38.0,11.569014790584296
NOR,40.473372781065095,2.716165169534005,56.459380805079206,-5.645260009954896,1.5547574376875737,2026-02,133499.89761071428,21.348314606741575,43.844856661045526,english,0.0235690235690235,31.0,69.0,50.0,,,,,,31.0,11.801855989861206
NPL,49.67741935483871,0.3085260506477325,59.43950635707879,3.0836790552577895,-0.7723269141759157,2026-02,2250.486467692543,41.403674046161086,28.169856459330145,english,0.0463917525773195,,,,,,,,,,7.718901679692267
NZL,40.66591844369623,2.9806121594492723,50.623431382106666,-4.522316167094189,1.6614548503043722,2026-02,74633.69897073443,20.455168631752127,43.715469613259664,english,,22.0,79.0,49.0,,,,4.8868131868131846,5.61911231884058,22.0,11.22034741302332
OMN,52.02312138728325,0.3516347995640022,68.0612823803809,4.054851573986731,-0.4961658502611346,2026-02,27874.66708509641,6.0606060606060606,29.75206611570248,english,,,,,,,,,,,10.235473565555544
PAK,52.44738708914637,0.2203762316935183,50.72504767850426,7.242952266462773,-1.0960343216724069,2026-02,2515.0984411018367,48.19562641387483,29.347094458155702,english,0.0351123595505618,55.0,14.0,70.0,,,,,,55.0,7.830067223359015
PAN,49.35064935064935,0.7075055250850139,48.94728977683553,4.429634173463448,-0.6569590015424566,2026-02,29533.717672235955,12.233285917496444,31.57894736842105,english,,95.0,11.0,86.0,,,,,,95.0,10.29328786157298
PER,46.58952496954933,0.5513970135281859,53.46660827531331,0.9480159357323216,-0.690907341524512,2026-02,12646.323877661176,22.371541501976285,19.381527193815273,spanish,0.0272314674735249,64.0,16.0,87.0,,,,,,64.0,9.445121849366132
PHL,47.10973038943747,0.4517805810382412,49.870393431601435,2.041549104681025,-0.8877318425485861,2026-02,5979.632691012824,31.038275406951165,27.297433316557623,english,0.0192107995846313,94.0,32.0,44.0,,,,5.4415525114155265,5.483333333333333,94.0,8.696114422150659
POL,41.70250303230787,1.4712744805715432,48.90134149082279,-3.2111868240788795,0.1055679413475332,2026-02,38209.25361666856,34.39407585309716,40.00442526828189,english,0.0197368421052631,68.0,60.0,93.0,,,,5.101631701631701,5.2768719806763285,68.0,10.550833006533033
PRI,44.091710758377424,1.0818443543371448,36.93889147166692,1.085138479997525,-0.6072151300902033,2026-02,59332.5492819456,,44.77317554240632,english,,,,,,,,,,,10.99091332616957
PRT,42.355131487084016,2.468817721134801,50.772598832562096,-2.856884194170604,1.1536925069500468,2026-02,46013.61009194968,27.66259585345072,38.31845238095239,english,0.0179968701095461,63.0,27.0,104.0,,,,5.440909090909091,5.256329113924051,63.0,10.736692503273996
PRY,47.32673267326733,0.4305203118748389,70.03603637873213,-0.9563629538435948,-0.3639014297503538,2026-02,9785.666997682889,10.3397341211226,32.22416812609457,spanish,,,,,,,,,,,9.188674042829755
PSE,48.54771784232364,0.3166389762875287,72.36485177291223,-0.1066499545402805,-0.4148333431593345,2026-02,,27.035830618892508,31.343283582089555,english,,,,,,,,,,,
QAT,45.16129032258064,1.001364040432225,60.32051093683462,-1.5729044255176277,-0.0556747872250822,2026-02,93076.97642309398,16.596638655462186,34.18994413407821,english,,,,,,,,4.733168316831683,4.619047619047619,,11.441182133251901
ROU,45.28809908454496,1.174655161497018,52.41943268769224,-0.186463632487964,-0.0959550430982143,2026-02,31327.812791877608,31.289261142686208,39.06490310673639,english,0.0337186897880539,90.0,30.0,90.0,,,,,,90.0,10.352261569567924
RWA,54.897959183673464,0.2262665748513732,54.09766371396776,9.155843926396583,-0.9989799338279864,2026-02,1702.5314089029812,30.93415007656968,22.633136094674555,english,,,,,,,,,,,7.439871486548342
SAU,46.86274509803921,0.5375716861873419,53.88542894379206,1.154465439675448,-0.6934116688655427,2026-02,41985.798549031635,30.994989262705797,35.267857142857146,english,0.0244372990353697,,,,80.0,38.0,68.0,,,80.0,10.64508671030178
SEN,51.10081112398609,0.3112893878155992,54.24390105884854,5.335381929302024,-0.9100042285975276,2026-02,3054.5670941438534,25.845410628019323,25.794155019059723,french,0.0845070422535211,,,,,,,,,,8.024393157520164
SGP,39.85412380774266,4.584991637585042,47.780191375647426,-4.880826318169859,3.1889796683549307,2026-02,121453.275988157,26.90232558139535,33.02572157863735,english,0.0154061624649859,74.0,20.0,8.0,,,,4.986363636363638,5.318807339449541,74.0,11.707284908032415
SLV,49.01960784313726,0.4200491808166057,56.9565503408366,2.821713633313081,-0.7279197292671354,2026-02,8315.64872508447,16.027088036117384,26.119402985074625,spanish,,66.0,19.0,94.0,,,,5.676923076923076,5.44,66.0,9.025894407234901
SRB,42.52365930599369,1.4877019634420283,56.31604443889408,-3.5721220371137505,0.3224197547044511,2026-02,21462.94212470453,26.575698505523064,39.468008626887126,english,,86.0,25.0,92.0,,,,,,86.0,9.974083104863308
SVK,43.37121212121212,1.1487573921898309,60.71982076098672,-3.4266427285786847,0.1025121734906757,2026-02,39478.157128320294,22.591362126245848,41.36933461909354,english,,104.0,52.0,51.0,,,,,,104.0,10.583502813843964
SVN,43.45479082321187,2.1259025156968177,67.27110908078927,-4.387505348655857,1.256742958354003,2026-02,53656.97978357421,17.6672384219554,41.90193164933135,english,,71.0,27.0,88.0,,,,5.33320610687023,5.331692913385827,71.0,10.890366838079048
SWE,38.964864296233955,2.78920572484654,51.26655264567566,-6.325900136171462,1.487432409312056,2026-02,92702.13665967331,27.708609271523184,42.86064769381747,english,0.0197486535008976,31.0,71.0,29.0,,,,4.851471135940409,5.491433891992551,31.0,11.437146800475732
TGO,56.52173913043479,0.2041527470138618,72.36485177291223,7.8673713335708655,-0.5273195724330015,2026-02,1794.2569461842215,,29.03225806451613,french,,,,,,,,,,,7.49234625766076
THA,46.72959099188608,0.4664385610854958,51.99380933506986,1.3228834195849188,-0.8156765245664914,2026-02,10509.89704549089,28.51307189542483,33.33333333333333,english,0.0156075808249721,64.0,20.0,64.0,,,,5.627027027027025,5.173814898419865,64.0,9.260072667961065
TUN,52.902155887230506,0.8528582141646621,59.00452162445154,6.377763173506132,-0.2397526760161057,2026-02,6506.121121775293,50.84835630965006,23.0,english,0.0478260869565217,,,,,,,,,,8.780498723794418
TUR,46.8128390596745,0.5902530760285344,53.54496040257384,1.1588387118763706,-0.6499333691418178,2026-02,22651.310447180294,46.43576705363138,40.695296523517385,english,0.0199769496734537,66.0,37.0,85.0,,,,5.571621621621618,5.377758420441347,66.0,10.027972985625215
TWN,40.75057532306604,1.378187145267698,51.373789095672414,-4.557285316091708,0.0793125019854763,2026-02,48391.047952063214,30.464876033057852,35.08862724802691,english,0.0148482892188508,58.0,17.0,69.0,,,,5.181944444444445,4.528601694915254,58.0,10.787070115929458
TZA,52.258064516129046,0.0495545671685162,58.76413929463213,5.771994835387609,-1.049554016561439,2026-02,2148.799090380761,30.864197530864196,35.8433734939759,english,,,,,64.0,27.0,52.0,,,64.0,7.672664402453899
UGA,50.989010989010985,0.0664558290960977,65.60493277057388,3.4123455302648935,-0.8477415772052027,2026-02,2079.882474647875,27.631578947368425,25.416036308623298,english,,,,,,,,,,,7.640066668525896
UKR,44.860513012544466,0.8131280043151674,50.36577415560675,-0.2866445091068854,-0.5129939502751268,2026-02,7490.372998752378,34.46586082979418,32.224893162393165,english,0.0375699440447641,,,,,,,,,,8.921373874837714
URY,42.114384748700175,1.0021191287658413,72.25715036248945,-6.522812714940663,0.2677355688785171,2026-02,36408.30401277872,16.272965879265094,35.714285714285715,spanish,,61.0,36.0,100.0,,,,,,61.0,10.50255215982583
USA,41.41989334569905,3.7947390985403753,42.61932629394589,-2.492284145905792,2.259225528777515,2026-02,132531.7570859901,26.10597212974185,40.43061765268305,english,0.0180879587018288,40.0,91.0,46.0,,,,4.88244680851064,5.898824517212426,40.0,11.794577571811361
UZB,48.73035066505441,0.1411678045617169,55.75473430262333,2.724056377347928,-1.039286988842462,2026-02,5015.875475814878,26.096033402922757,34.26150121065375,english,0.0678466076696165,,,,,,,,,,8.520363256608844
VNM,47.36326530612245,0.3464592501441934,53.340204829674235,1.741908183720987,-0.8992618737448044,2026-02,6717.646893699442,42.61480787253984,27.567777669808574,english,0.0241518113858539,70.0,20.0,30.0,,,,,,70.0,8.812493207567186
ZAF,48.633742792679875,0.3576107953887096,50.31624330396558,3.4944817435460465,-0.9698500109193312,2026-02,9272.848440503294,25.834627329192543,34.126093785057215,english,0.0410958904109589,49.0,65.0,49.0,,,,5.160439560439557,5.538389513108615,49.0,9.134845886495764
ZMB,52.131147540983605,0.0996828879308071,36.93889147166692,9.124575262603706,-1.589376596496541,2026-02,2182.304943750481,9.749303621169917,27.540106951871657,english,,,,,64.0,27.0,52.0,5.314285714285714,5.125,64.0,7.688136910867753
ZWE,55.3935860058309,0.1472844557857208,71.08903707772551,6.942615391615497,-0.6186739796793256,2026-02,3813.703651493487,20.54054054054054,28.21917808219178,english,,,,,,,,5.666666666666667,5.5,,8.246356082956307
PRY,49.27,0.55,56.88792873051224,-1.405180032534297,-0.7443094707921549,2026-04,9785.666997682889,10.3397341211226,32.22416812609457,spanish,,,,,,,,,,,9.188674042829755
MNG,57.07,0.93,58.75236194278111,6.193661509925256,-0.283966149675989,2026-04,10677.466362993113,,23.7410071942446,english,,,,,,,,,,,9.275890852440757
TZA,54.2,0.05,56.47655339805824,3.569204301965911,-1.2620367136974666,2026-04,2148.799090380761,30.864197530864196,35.8433734939759,english,,,,,64.0,27.0,52.0,,,64.0,7.672664402453899
SLV,53.4,0.52,61.691320000000005,2.206569824540196,-0.5673187324425584,2026-04,8315.64872508447,16.027088036117384,26.119402985074625,spanish,,66.0,19.0,94.0,,,,5.676923076923076,5.44,66.0,9.025894407234901
OMN,49.64,0.62,49.45207234363225,-0.2329065097102827,-0.9947400410767172,2026-04,27874.66708509641,6.0606060606060606,29.75206611570248,english,,,,,,,,,,,10.235473565555544
ZWE,56.0,0.19,51.878514750762974,5.865298426397267,-1.32017826852132,2026-04,3813.703651493487,20.54054054054054,28.21917808219178,english,,,,,,,,5.666666666666667,5.5,,8.246356082956307
MKD,50.47,0.98,62.19885057471264,-0.7781889444475993,-0.0854479077479115,2026-04,14284.258368739234,17.878787878787875,27.728613569321535,english,,,,,,,,,,,9.566913396533058
PRI,51.49,1.72,45.77435544430537,2.0138917525555726,-0.0532225160039867,2026-04,59332.5492819456,,44.77317554240632,english,,,,,,,,,,,10.99091332616957
ZMB,55.69,0.14,45.25927325581396,6.26946528442663,-1.6554187595587893,2026-04,2182.304943750481,9.749303621169917,27.540106951871657,english,,,,,64.0,27.0,52.0,5.314285714285714,5.125,64.0,7.688136910867753
SVN,49.08,1.89,53.57558176100628,-1.2378024644669807,0.4529528036256436,2026-04,53656.97978357421,17.6672384219554,41.90193164933135,english,,71.0,27.0,88.0,,,,5.33320610687023,5.331692913385827,71.0,10.890366838079048
ISL,46.0,4.34,61.147501692620175,-5.1347562303836725,3.229246709209547,2026-04,124196.00871446758,,50.80213903743316,english,,,,,,,,,,,11.729616312010778
LUX,47.38,4.8,59.55635383639823,-3.583083227365826,3.6206799714393214,2026-04,199973.81446042765,,36.26943005181347,english,,40.0,60.0,70.0,,,,,,40.0,12.205941709260532
KWT,51.45,0.85,51.64314049586778,1.3406935554626995,-0.6703211630047913,2026-04,40520.77402630855,14.244186046511626,44.44444444444444,english,,,,,80.0,38.0,68.0,5.1241379310344835,4.994791666666667,80.0,10.609570060507629
KGZ,50.79,0.31,49.32973282442748,0.9302930132426112,-1.3100119720914545,2026-04,3906.36602991404,17.753623188405797,36.47058823529411,russian,,,,,,,,,,,8.27036281670156
LVA,48.48,2.38,53.51352374839538,-1.831106867106513,0.9402785609645394,2026-04,37168.53471842537,21.240310077519386,48.18481848184818,english,,44.0,70.0,63.0,,,,,,44.0,10.523217841433432
BEN,51.15,0.35,58.09271905031092,0.3448320650857397,-0.89239189342641,2026-04,2655.416999442524,27.703984819734345,27.798507462686565,french,,,,,,,,,,,7.884356983280025
AGO,55.26,0.08,57.08191216216216,4.563890599954803,-1.205950215530177,2026-04,5796.591076911293,17.22689075630252,34.33962264150943,portuguese,,,,,,,,,,,8.665025278384377
PAN,50.68,1.19,53.81614479105356,0.3362425762740173,-0.23668070394943,2026-04,29533.717672235955,12.233285917496444,31.57894736842105,english,,95.0,11.0,86.0,,,,,,95.0,10.29328786157298
UGA,56.94,0.1,55.52203475336324,6.412189754594046,-1.2531694276383285,2026-04,2079.882474647875,27.631578947368425,25.416036308623298,english,,,,,,,,,,,7.640066668525896
MLT,47.47,3.87,57.61757042253521,-3.2839029368242976,2.607132704972675,2026-04,63416.5934217836,,36.39705882352941,english,,56.0,59.0,96.0,,,,,,56.0,11.05748083207671
PSE,53.37,0.38,44.757701030927834,4.003581191845186,-1.4370328233191834,2026-04,,27.035830618892508,31.343283582089555,english,,,,,,,,,,,
RWA,56.66,0.18,49.38682666666667,6.794133012892729,-1.437551648562248,2026-04,1702.5314089029812,30.93415007656968,22.633136094674555,english,,,,,,,,,,,7.439871486548342
KHM,53.47,0.18,56.24374125874126,2.8643229978427627,-1.142069199895309,2026-04,4189.637022057561,32.87858117326057,36.25218914185639,english,,,,,,,,,,,8.34036937958309
HND,52.05,0.22,57.18444444444443,1.3428281303440457,-1.0615318303469643,2026-04,5256.315221358912,11.778290993071591,30.788804071246823,english,,,,,,,,,,,8.56718553198842
BHR,53.17,1.31,55.24669238187077,2.671897145762834,-0.0550346531793313,2026-04,38161.782937228934,,30.96085409252669,english,,,,,,,,,,,10.549589847144468
ARE,51.32,2.73,47.709622850804216,1.6350908130218542,1.0401732364760778,2026-04,60127.05878296327,28.595151112587185,30.808861411643484,english,0.0208894878706199,,,,80.0,38.0,68.0,,,80.0,11.004215248534315
MUS,48.74,1.49,55.75418259023354,-1.8128572679964563,0.1468344320233408,2026-04,16566.49364893835,5.128205128205129,32.78145695364238,english,,,,,,,,,,,9.715137479636018
UZB,54.6,0.16,51.37458982772764,4.519668172423522,-1.3718937162206224,2026-04,5015.875475814878,26.096033402922757,34.26150121065375,english,0.0678466076696165,,,,,,,,,,8.520363256608844
MDA,49.11,1.27,51.66,-1.0011254594657046,-0.2495946427167807,2026-04,11853.79921916384,24.94929006085193,32.838283828382835,english,,,,,,,,,,,9.380403704391265
BFA,57.1,0.13,49.162400442477875,7.258346930984501,-1.4972227636648086,2026-04,1832.887591889975,13.553113553113556,23.837209302325583,french,,,,,,,,,,,7.513647921294773
BIH,47.44,0.65,60.447500000000005,-3.6192312612742583,-0.4909182011782066,2026-04,14058.115992760766,11.11111111111111,32.035928143712574,english,,,,,,,,,,,9.550955158716235
AUS,46.67,5.83,48.477403358063256,-3.0977469853790325,4.1732589139010035,2026-04,102513.1805350331,24.125818297940288,41.712403951701425,english,0.0153721682847896,38.0,90.0,51.0,,,,4.740285204991085,5.6942829457364335,38.0,11.537746659879229
MDG,54.11,0.09,53.77152477763659,3.77105674339748,-1.3386034974518073,2026-04,950.4549962287342,29.331046312178387,26.77760968229955,french,,,,,,,,,,,6.856940813336473
CYP,48.28,2.91,54.26071334214003,-2.1117230592977236,1.5024769218765033,2026-04,38404.71104586875,14.991482112436117,37.842778793418645,english,,,,,,,,,,,10.55593541453698
EST,48.32,3.35,54.292128755364814,-2.0751125484066435,1.9438306944954984,2026-04,49410.33974231546,14.550641940085592,47.68583450210379,english,,40.0,60.0,60.0,,,,,,40.0,10.807914987799064
ARM,48.03,0.93,60.46683870967742,-3.0313177640161797,-0.210084845415522,2026-04,12551.43122594346,15.770171149144252,34.8968105065666,english,,,,,,,,,,,9.437589979965491
JAM,49.45,0.81,52.76000000000001,-0.7798072668044682,-0.6621927552980111,2026-04,9671.355122194287,5.483870967741936,33.12101910828025,english,,45.0,39.0,13.0,,,,,,45.0,9.176923715360676
AZE,50.0,0.37,61.44005356186394,-1.166320398185654,-0.7281464628176862,2026-04,10460.39769104414,33.05785123966942,36.29893238434164,english,,,,,,,,,,,9.25535175707247
LBN,48.19,0.79,53.810543187889586,-2.1531530524646243,-0.6369220917335603,2026-04,7649.559298285476,34.38395415472779,28.258064516129032,english,,,,,80.0,38.0,68.0,,,80.0,8.942403317093914
ALB,53.43,0.83,65.44,1.8321151722359377,-0.0957782712343856,2026-04,15160.177657549832,25.13513513513514,30.69908814589666,english,,,,,,,,4.62,4.389583333333333,,9.626427377963438
ARG,48.78,1.34,49.97958233890215,-1.1498209093720035,-0.2520082507057544,2026-04,20966.423275351695,32.02973497091144,33.90275952693823,spanish,0.0237341772151898,49.0,46.0,86.0,,,,5.640540540540542,5.998366013071895,49.0,9.950677545464252
AUT,45.18,2.65,50.818584997564535,-4.840343047455711,1.0941465761760292,2026-04,87151.06570374031,23.538461538461537,39.45981554677207,english,0.0311871227364185,11.0,55.0,70.0,,,,4.953846153846153,5.8920118343195265,11.0,11.375398279258258
BEL,46.87,3.23,48.115352897474,-2.858684437187613,1.5576572091984895,2026-04,88245.97318402125,25.034162339437003,40.3393665158371,english,0.018542199488491,65.0,75.0,94.0,,,,,,65.0,11.38788334411166
BGD,51.28,0.11,48.382905803195975,1.522448596985278,-1.5508132337873306,2026-04,3967.2406267898255,39.089813140446054,31.40013726835964,english,0.0436941410129096,80.0,20.0,60.0,,,,,,80.0,8.285826075793446
BOL,52.12,0.49,57.24922603342128,1.4058386793785471,-0.7887402216310648,2026-04,6038.784004183883,19.36758893280632,20.781758957654723,spanish,,,,,,,,4.509756097560977,5.37,,8.705957946849887
BRA,51.51,0.86,50.225540248514314,1.5536420640443254,-0.7214092787592167,2026-04,14782.600419414845,28.991336633663373,33.02416579109453,portuguese,0.0215239980207817,69.0,38.0,76.0,,,,5.326086956521742,6.0408745247148286,69.0,9.601206120799924
CHE,45.47,4.74,47.454652377521626,-4.187399771898875,3.039185889503668,2026-04,159447.77850270874,23.382045929018787,41.30690737833594,english,0.0197910940076965,34.0,68.0,58.0,,,,4.89685534591195,5.795171339563863,34.0,11.979471740090968
BGR,50.33,1.28,55.172777777777775,-0.1601280189621832,-0.088219827490076,2026-04,27428.09326705219,26.31578947368421,40.750853242320815,english,,70.0,30.0,85.0,,,,,,70.0,10.219323068830594
CIV,52.96,0.28,52.7084638218924,2.7357531029783857,-1.19441358449133,2026-04,4825.4978829441125,24.600638977635786,26.117440841367223,french,0.0515759312320916,,,,,,,,,,8.481669196624498
CMR,55.73,0.3,51.20494949494948,5.667971100870481,-1.2392039634533794,2026-04,3250.193069497753,27.641408751334044,24.80544747081712,french,0.081081081081081,,,,,,,,,,8.086469679558626
COL,51.13,1.1,48.55994529177719,1.353347354735142,-0.5531841375087823,2026-04,11313.865939573909,27.239557121288374,23.210044112656934,spanish,0.0216503267973856,67.0,13.0,80.0,,,,5.563888888888888,5.458333333333333,67.0,9.333784326758648
CHL,48.85,1.73,49.09323946288698,-0.9841911144198932,0.0997969081821554,2026-04,24248.62384782136,26.43985419198056,33.04529981670594,spanish,0.0273348519362186,63.0,23.0,86.0,,,,,,63.0,10.09611514621192
CAN,46.22,4.65,48.387154641875085,-3.5380098210633832,2.98936985982424,2026-04,83397.40614599641,29.94333724110981,41.78007263816566,english,0.0159739201303993,39.0,80.0,48.0,,,,,,39.0,11.331372486496232
DEU,46.1,2.36,50.04401329509906,-3.836772529672011,0.7707682483232725,2026-04,88693.9787891109,32.797555264515616,44.73476787262552,english,0.0198517401683628,35.0,67.0,65.0,,,,5.251794871794871,5.719660194174757,35.0,11.392947283119916
CZE,48.54,1.91,52.66057430848569,-1.6790799752000891,0.4335227306695386,2026-04,49714.93948841886,25.79916047788182,43.21329639889196,english,,57.0,58.0,74.0,,,,3.588749999999999,5.738729508196721,57.0,10.814060760243944
DZA,50.3,0.4,48.7191966873706,0.5061653152349166,-1.246321576849509,2026-04,8969.58842511948,34.47395301327886,29.59409594095941,english,0.042152466367713,,,,,,,,,,9.101595070512925
DNK,44.72,3.37,51.6760798058776,-5.392860350759534,1.851098278326788,2026-04,113263.93711245504,22.085889570552148,42.671009771986974,english,0.020631067961165,18.0,74.0,23.0,,,,3.894267515923566,5.701388888888889,18.0,11.637476100784044
DOM,54.36,0.66,54.35473335928376,3.9581328811016903,-0.7434715087891718,2026-04,16637.61618246597,20.33598585322723,28.561872909699005,english,,,,,,,,,,,9.719421445847487
CRI,49.72,1.56,54.1018206734534,-0.6545797237589923,0.1456298197012744,2026-04,26951.561234857145,18.414533443435175,29.54333643988816,english,,35.0,15.0,86.0,,,,4.7368421052631575,5.526086956521739,35.0,10.201796505451693
ECU,52.23,0.37,54.41757105943152,1.821353161263012,-1.0307636673454827,2026-04,9988.291688510177,16.469428007889547,19.061413673232902,spanish,,78.0,8.0,67.0,,,,5.599999999999999,5.510204081632653,78.0,9.209168854868931
ESP,49.25,2.43,50.49154770122876,-0.7350581589136098,0.8600536806281687,2026-04,53518.68827011927,33.122701122323875,37.25072741466184,english,0.0159229408295655,57.0,51.0,86.0,,,,5.519189189189189,4.825418994413408,57.0,10.887786185348528
NLD,47.13,3.74,50.58829678814082,-2.865496664816426,2.1742228527424183,2026-04,105769.21585185928,26.64008232570105,41.46609651802076,english,0.0127511591962905,38.0,80.0,53.0,,,,4.107534246575341,5.588850174216028,38.0,11.569014790584296
EGY,51.0,0.31,51.11946008553099,0.9471947714324074,-1.2328879265086086,2026-04,5227.316547705825,47.30105731775181,29.20531005637389,english,0.0292365998917162,,,,80.0,38.0,68.0,4.918303571428571,4.631426202321724,80.0,8.56165333699131
NZL,46.56,4.37,50.14268078512397,-3.3874180169826857,2.785020089463321,2026-04,74633.69897073443,20.455168631752127,43.715469613259664,english,,22.0,79.0,49.0,,,,4.8868131868131846,5.61911231884058,22.0,11.22034741302332
MEX,50.9,0.6,50.0392863397548,0.9637374736038636,-0.9894354485904204,2026-04,21055.23141283793,29.720889664195376,32.853137387605145,spanish,0.0268608414239482,81.0,30.0,82.0,,,,5.223882113821137,4.618032786885246,81.0,9.954904331408958
MYS,48.42,0.8,48.1720698159742,-1.314803770273329,-0.8698987099056141,2026-04,16744.801251132354,31.632862118418352,30.926675663517766,english,0.020358306188925,104.0,26.0,36.0,,,,5.17391304347826,5.089583333333334,104.0,9.725843116010799
FIN,45.53,2.4,51.12320979899496,-4.523209794722966,0.8572736584872747,2026-04,86239.00920358354,18.735362997658076,43.108182317408016,english,,33.0,63.0,59.0,,,,4.889090909090907,5.924418604651163,33.0,11.364877897250105
NOR,44.3,3.92,49.03035839598998,-5.527406715631962,2.287087197951407,2026-04,133499.89761071428,21.348314606741575,43.844856661045526,english,0.0235690235690235,31.0,69.0,50.0,,,,,,31.0,11.801855989861206
NPL,51.29,0.37,48.737306659505904,1.494211384122302,-1.2755411706128594,2026-04,2250.486467692543,41.403674046161086,28.169856459330145,english,0.0463917525773195,,,,,,,,,,7.718901679692267
NGA,51.21,0.21,45.210136379134006,1.7947667874551383,-1.5875361965556012,2026-04,1441.664986299227,34.42742523705325,35.23859465128474,english,0.0408986175115207,,,,77.0,20.0,54.0,5.797836538461537,5.1214859437751015,77.0,7.2735539651244006
PAK,50.98,0.29,47.69169341216217,1.2970252659151311,-1.4005993900984604,2026-04,2515.0984411018367,48.19562641387483,29.347094458155702,english,0.0351123595505618,55.0,14.0,70.0,,,,,,55.0,7.830067223359015
FRA,45.89,3.87,48.50936056158265,-3.8811949296255577,2.214636033685954,2026-04,75225.64794338809,32.21784776902887,40.17413758855856,french,0.0264462809917355,68.0,71.0,86.0,,,,5.277027027027027,6.142265193370166,68.0,11.22824751486611
QAT,47.75,1.66,49.1115340583858,-2.0861649650183764,0.030585270324162,2026-04,93076.97642309398,16.596638655462186,34.18994413407821,english,,,,,,,,4.733168316831683,4.619047619047619,,11.441182133251901
PRT,48.86,3.06,49.21755063410941,-0.9876033639408704,1.4351538028577746,2026-04,46013.61009194968,27.66259585345072,38.31845238095239,english,0.0179968701095461,63.0,27.0,104.0,,,,5.440909090909091,5.256329113924051,63.0,10.736692503273996
PER,49.84,0.87,48.17242395969397,0.1051580202569297,-0.7998834489231278,2026-04,12646.323877661176,22.371541501976285,19.381527193815273,spanish,0.0272314674735249,64.0,16.0,87.0,,,,,,64.0,9.445121849366132
GBR,45.02,3.4,47.67237239124969,-4.660890139828936,1.7085680163941677,2026-04,83152.8295627269,26.752676904941215,41.995374743493706,english,0.0191667623091931,35.0,89.0,35.0,,,,5.153086419753086,5.68213572854291,35.0,11.328435513659961
GEO,49.12,1.72,49.711085401766944,-0.7808520895864319,0.116421511488457,2026-04,14463.249642754525,23.44569288389513,36.37691745799854,english,,,,,,,,5.221666666666667,4.417643229166666,,9.579366203711222
PHL,48.9,0.41,49.27399198337292,-0.9536929651583606,-1.212413991248087,2026-04,5979.632691012824,31.038275406951165,27.297433316557623,english,0.0192107995846313,94.0,32.0,44.0,,,,5.4415525114155265,5.483333333333333,94.0,8.696114422150659
POL,49.07,1.3,49.23800185356812,-0.779809898202366,-0.3239649004128084,2026-04,38209.25361666856,34.39407585309716,40.00442526828189,english,0.0197368421052631,68.0,60.0,93.0,,,,5.101631701631701,5.2768719806763285,68.0,10.550833006533033
ROU,48.46,1.18,50.89360161870503,-1.5684367821624434,-0.3726207607059362,2026-04,31327.812791877608,31.289261142686208,39.06490310673639,english,0.0337186897880539,90.0,30.0,90.0,,,,,,90.0,10.352261569567924
SAU,49.27,0.79,49.48962705812339,-0.6069583837010981,-0.8231217098509414,2026-04,41985.798549031635,30.994989262705797,35.267857142857146,english,0.0244372990353697,,,,80.0,38.0,68.0,,,80.0,10.64508671030178
GHA,55.28,0.4,45.96156115107914,5.783693651079169,-1.3651553306979491,2026-04,3978.246329458356,22.938689217758984,30.744336569579296,english,0.0632411067193675,,,,77.0,20.0,54.0,,,77.0,8.288596380437534
SEN,52.5,0.38,53.57010825439782,2.1827880861300883,-1.0572830641416653,2026-04,3054.5670941438534,25.845410628019323,25.794155019059723,french,0.0845070422535211,,,,,,,,,,8.024393157520164
SRB,47.25,1.29,53.67851851851851,-3.078908573942563,-0.1426113812917671,2026-04,21462.94212470453,26.575698505523064,39.468008626887126,english,,86.0,25.0,92.0,,,,,,86.0,9.974083104863308
THA,53.22,0.59,52.49059210526316,3.01925983852162,-0.8938022486580511,2026-04,10509.89704549089,28.51307189542483,33.33333333333333,english,0.0156075808249721,64.0,20.0,64.0,,,,5.627027027027025,5.173814898419865,64.0,9.260072667961065
SWE,45.89,3.0,48.811302897644374,-3.913772258858188,1.357647521523188,2026-04,92702.13665967331,27.708609271523184,42.86064769381747,english,0.0197486535008976,31.0,71.0,29.0,,,,4.851471135940409,5.491433891992551,31.0,11.437146800475732
SVK,51.33,1.5,57.10336809815951,0.6315756642617956,0.2149743770721965,2026-04,39478.157128320294,22.591362126245848,41.36933461909354,english,,104.0,52.0,51.0,,,,,,104.0,10.583502813843964
TWN,49.62,2.12,52.74716163354716,-0.608422102682745,0.6472540057917715,2026-04,48391.047952063214,30.464876033057852,35.08862724802691,english,0.0148482892188508,58.0,17.0,69.0,,,,5.181944444444445,4.528601694915254,58.0,10.787070115929458
USA,49.47,4.25,48.85572836429542,-0.3385654358345675,2.609561931494751,2026-04,132531.7570859901,26.10597212974185,40.43061765268305,english,0.0180879587018288,40.0,91.0,46.0,,,,4.88244680851064,5.898824517212426,40.0,11.794577571811361
URY,48.11,1.77,54.20898373983741,-2.276141820484824,0.3602477575268967,2026-04,36408.30401277872,16.272965879265094,35.714285714285715,spanish,,61.0,36.0,100.0,,,,,,61.0,10.50255215982583
VNM,50.97,0.43,52.89627328168782,0.7254898610476204,-1.0363203818827826,2026-04,6717.646893699442,42.61480787253984,27.567777669808574,english,0.0241518113858539,70.0,20.0,30.0,,,,,,70.0,8.812493207567186
SGP,44.78,6.44,48.24210338680928,-4.96235987096523,4.773119220494621,2026-04,121453.275988157,26.90232558139535,33.02572157863735,english,0.0154061624649859,74.0,20.0,8.0,,,,4.986363636363638,5.318807339449541,74.0,11.707284908032415
TUN,53.36,1.23,53.88288643533123,3.009041649939803,-0.1938046313056176,2026-04,6506.121121775293,50.84835630965006,23.0,english,0.0478260869565217,,,,,,,,,,8.780498723794418
ZAF,51.43,0.43,47.28447855175128,1.790960716468561,-1.278147347342503,2026-04,9272.848440503294,25.834627329192543,34.126093785057215,english,0.0410958904109589,49.0,65.0,49.0,,,,5.160439560439557,5.538389513108615,49.0,9.134845886495764
TUR,50.57,0.68,51.63367094626723,0.4617152493365921,-0.8407292307539475,2026-04,22651.310447180294,46.43576705363138,40.695296523517385,english,0.0199769496734537,66.0,37.0,85.0,,,,5.571621621621618,5.377758420441347,66.0,10.027972985625215
GTM,51.9,0.35,52.03605263157894,1.748301262379485,-1.1533895477116562,2026-04,9620.500626667832,13.082437275985663,30.816831683168317,english,,95.0,6.0,101.0,,,,5.602419354838711,5.252252252252252,95.0,9.17165158249987
UKR,48.95,0.69,51.978961352657,-1.195539013833475,-0.815849760780794,2026-04,7490.372998752378,34.46586082979418,32.224893162393165,english,0.0375699440447641,,,,,,,,,,8.921373874837714
HRV,49.04,1.73,55.556000800640504,-1.491474928932334,0.3782942584972142,2026-04,38045.172524694855,17.22222222222222,43.08943089430895,english,,73.0,33.0,80.0,,,,,,73.0,10.546529483353787
HUN,49.8,0.95,53.029929624664895,-0.4589306629040237,-0.5105607792258702,2026-04,36106.862456746145,23.753280839895012,44.363193174893354,english,,46.0,80.0,82.0,,,,5.558247422680412,5.011839708561021,46.0,10.494238222009805
IRQ,48.63,0.22,48.3935131782946,-1.1286958597854737,-1.440356134150755,2026-04,10043.662811380043,13.521126760563378,47.83549783549784,english,0.048582995951417,,,,80.0,38.0,68.0,,,80.0,9.214697148565012
ISR,53.04,3.03,54.95005061460593,2.5739025831002493,1.6521822744064931,2026-04,90237.43265143564,23.454313332117454,41.631931287103704,english,0.0220095693779904,13.0,54.0,81.0,,,,4.72638888888889,4.8015432098765425,13.0,11.410199616099286
IRL,46.44,3.6,46.08409201557936,-3.069526516605982,1.840124845887836,2026-04,163661.46945325768,16.177178623013962,39.20879120879121,english,0.0216508795669824,28.0,70.0,35.0,,,,5.150666666666668,5.761217948717948,28.0,12.005555362736272
JOR,48.17,0.55,53.57903409090909,-2.148174945150977,-0.8868984264167332,2026-04,7135.879551781071,29.67525195968645,31.914893617021285,english,,,,,,,,,,,8.872890795162947
JPN,48.23,1.97,51.021683091286306,-1.812255819119315,0.4228986061519983,2026-04,55246.96466016575,27.103543852702437,43.08948295181687,japanese,0.0175195942830797,54.0,46.0,92.0,,,,5.10943396226415,5.3095854922279795,54.0,10.919568679593294
GRC,48.27,1.35,54.22975088967972,-2.118382441281696,-0.0588573314741631,2026-04,39376.65689246587,21.617915904936016,37.43565746373421,english,,60.0,35.0,112.0,,,,5.403333333333333,5.745726495726496,60.0,10.58092845505126
IND,53.09,0.31,49.112657022302585,3.2537138755387005,-1.3193663382129663,2026-04,3948.7128605939074,52.14582038420955,27.817374238198532,english,0.0395431834403997,77.0,48.0,40.0,,,,5.466019417475729,5.070540935672514,77.0,8.281144946714395
KAZ,49.61,0.7,50.505664512503515,-0.3765812577099297,-0.8693379889184152,2026-04,22317.150362946555,28.373450036469738,38.36116910229645,english,0.0606060606060606,,,,,,,5.312146892655367,5.132231404958676,,10.013110736433498
IDN,48.61,0.37,48.50368335807801,-1.160582401650501,-1.2856086119153014,2026-04,7231.199089520412,28.813653238765447,19.030907278165504,english,0.0439499816108863,78.0,14.0,48.0,,,,5.1789772727272725,4.467440119760479,78.0,8.886160150574304
LTU,51.6,2.25,53.01816220880068,1.3423389536255002,0.7889321319359432,2026-04,45109.332193465,21.91387559808613,41.60377358490566,english,,42.0,60.0,65.0,,,,,,42.0,10.716844426335092
ITA,47.22,1.56,48.9494247852046,-2.598674581811544,-0.0764004437820868,2026-04,63346.04219526605,28.242314898341547,39.02289702461124,english,0.0243185462319615,50.0,76.0,75.0,,,,5.426877934272303,5.570488721804511,50.0,11.05636770858478
MAR,50.22,0.86,49.48778398846014,0.3432404697886184,-0.753201132560653,2026-04,6159.655576326082,42.063983488132095,31.56467854376453,english,0.0379048931771192,70.0,46.0,68.0,,,,5.801923076923076,5.390522875816994,70.0,8.725776142030302
LKA,54.04,0.48,55.666915621436715,3.4965581879833465,-0.8669261307314631,2026-04,6855.768591970304,37.865612648221344,24.576802507836994,english,,,,,,,,,,,8.832845707078214
KEN,56.59,0.34,47.30490595966464,6.94875675129547,-1.3672670767150783,2026-04,3558.849073408154,31.881918819188193,25.736040609137056,english,0.0329218106995884,,,,64.0,27.0,52.0,,,64.0,8.177192477588836
KOR,43.71,3.92,49.463862956702634,-6.164178629045573,2.305768047389974,2026-04,51496.35067757943,30.858015785453617,33.34204337601255,korean,0.0123546511627906,60.0,18.0,85.0,,,,5.606779661016949,5.575107296137339,60.0,10.849266223511568
BWA,51.52,0.52,45.60891328210758,2.601755963889943,-1.2792007900987792,2026-05,12027.171116893962,,29.585798816568047,english,,,,,,,,,,,9.394923628938177
BIH,50.91,0.61,55.981385199240975,0.5262880489607582,-0.4693020441199599,2026-05,14058.115992760766,11.11111111111111,32.035928143712574,english,,,,,,,,,,,9.550955158716235
AGO,54.54,0.1,50.857582781456955,4.880201124425049,-1.3349182332670275,2026-05,5796.591076911293,17.22689075630252,34.33962264150943,portuguese,,,,,,,,,,,8.665025278384377
ARM,48.0,0.95,52.32761609907121,-1.8674915719785972,-0.3828909488981484,2026-05,12551.43122594346,15.770171149144252,34.8968105065666,english,,,,,,,,,,,9.437589979965491
BHR,47.5,1.5,51.72550847457627,-2.2824231898146508,0.1253199262643864,2026-05,38161.782937228934,,30.96085409252669,english,,,,,,,,,,,10.549589847144468
BFA,52.6,0.15,46.67325105358218,3.53138169754299,-1.5753307007792985,2026-05,1832.887591889975,13.553113553113556,23.837209302325583,french,,,,,,,,,,,7.513647921294773
COG,53.34,0.24,45.23677455357143,4.47433334090568,-1.5850289828520228,2026-05,4157.189959547441,,37.83783783783784,french,,,,,,,,,,,8.332594634515411
ALB,48.41,1.02,59.22095278246207,-2.4314121395172847,0.165539310892263,2026-05,15160.177657549832,25.13513513513514,30.69908814589666,english,,,,,,,,4.62,4.389583333333333,,9.626427377963438
ARE,50.28,2.84,47.101073969882506,1.150937016456517,1.144362238705731,2026-05,60127.05878296327,28.595151112587185,30.808861411643484,english,0.0208894878706199,,,,80.0,38.0,68.0,,,80.0,11.004215248534315
ARG,47.87,1.48,49.52983644541366,-1.602209102357811,-0.0470701262711117,2026-05,20966.423275351695,32.02973497091144,33.90275952693823,spanish,0.0237341772151898,49.0,46.0,86.0,,,,5.640540540540542,5.998366013071895,49.0,9.950677545464252
BEL,42.7,3.8,46.78720730078645,-6.384718536356672,2.082578403252432,2026-05,88245.97318402125,25.034162339437003,40.3393665158371,english,0.018542199488491,65.0,75.0,94.0,,,,,,65.0,11.38788334411166
AUT,45.94,2.61,47.85272837790899,-3.295259985268636,0.9665306195961044,2026-05,87151.06570374031,23.538461538461537,39.45981554677207,english,0.0311871227364185,11.0,55.0,70.0,,,,4.953846153846153,5.8920118343195265,11.0,11.375398279258258
AUS,45.5,6.4,47.73737521305089,-3.718962388771331,4.748524562853849,2026-05,102513.1805350331,24.125818297940288,41.712403951701425,english,0.0153721682847896,38.0,90.0,51.0,,,,4.740285204991085,5.6942829457364335,38.0,11.537746659879229
BOL,51.56,0.56,54.14282356441535,1.436048027776046,-0.6469069415725555,2026-05,6038.784004183883,19.36758893280632,20.781758957654723,spanish,,,,,,,,4.509756097560977,5.37,,8.705957946849887
BGD,50.75,0.11,46.84183319002579,1.6575636805879128,-1.603630300952742,2026-05,3967.2406267898255,39.089813140446054,31.40013726835964,english,0.0436941410129096,80.0,20.0,60.0,,,,,,80.0,8.285826075793446
BRA,51.18,0.96,50.0247930071628,1.637861283339852,-0.5327177933880867,2026-05,14782.600419414845,28.991336633663373,33.02416579109453,portuguese,0.0215239980207817,69.0,38.0,76.0,,,,5.326086956521742,6.0408745247148286,69.0,9.601206120799924
CAN,47.33,4.13,48.6444527363184,-2.017118243742239,2.5414800450882433,2026-05,83397.40614599641,29.94333724110981,41.78007263816566,english,0.0159739201303993,39.0,80.0,48.0,,,,,,39.0,11.331372486496232
AZE,48.58,0.43,52.802195295794704,-1.3545421835827938,-0.8699529017943968,2026-05,10460.39769104414,33.05785123966942,36.29893238434164,english,,,,,,,,,,,9.25535175707247
BEN,47.37,0.39,51.285637686710075,-2.350276333068983,-1.0152091926483893,2026-05,2655.416999442524,27.703984819734345,27.798507462686565,french,,,,,,,,,,,7.884356983280025
CHE,44.15,5.02,48.75522000586682,-5.212767925018248,3.43916781894586,2026-05,159447.77850270874,23.382045929018787,41.30690737833594,english,0.0197910940076965,34.0,68.0,58.0,,,,4.89685534591195,5.795171339563863,34.0,11.979471740090968
BGR,48.61,1.36,52.14521165475536,-1.231720679290639,0.0144493175520279,2026-05,27428.09326705219,26.31578947368421,40.750853242320815,english,,70.0,30.0,85.0,,,,,,70.0,10.219323068830594
CHL,48.82,1.84,49.30345718169461,-0.6202252560542476,0.2972180791471399,2026-05,24248.62384782136,26.43985419198056,33.04529981670594,spanish,0.0273348519362186,63.0,23.0,86.0,,,,,,63.0,10.09611514621192
CIV,52.94,0.3,46.15690857681433,3.9443328068700154,-1.4611673175945017,2026-05,4825.4978829441125,24.600638977635786,26.117440841367223,french,0.0515759312320916,,,,,,,,,,8.481669196624498
COL,50.02,1.18,49.231571448333106,0.5899310727962046,-0.3677711316903682,2026-05,11313.865939573909,27.239557121288374,23.210044112656934,spanish,0.0216503267973856,67.0,13.0,80.0,,,,5.563888888888888,5.458333333333333,67.0,9.333784326758648
CMR,55.19,0.38,48.80046296296297,5.820839953361116,-1.1976921052517566,2026-05,3250.193069497753,27.641408751334044,24.80544747081712,french,0.081081081081081,,,,,,,,,,8.086469679558626
CRI,48.93,1.57,50.87130281690141,-0.7317373018147251,0.1360340022646911,2026-05,26951.561234857145,18.414533443435175,29.54333643988816,english,,35.0,15.0,86.0,,,,4.7368421052631575,5.526086956521739,35.0,10.201796505451693
CZE,48.52,1.84,50.563425788693635,-1.0982390971257343,0.384665876296921,2026-05,49714.93948841886,25.79916047788182,43.21329639889196,english,,57.0,58.0,74.0,,,,3.588749999999999,5.738729508196721,57.0,10.814060760243944
CYP,47.74,3.08,54.23487547488392,-2.3969574662255155,1.8794818976010472,2026-05,38404.71104586875,14.991482112436117,37.842778793418645,english,,,,,,,,,,,10.55593541453698
EGY,50.87,0.36,50.79783729009844,1.2186422271194743,-1.079064853730356,2026-05,5227.316547705825,47.30105731775181,29.20531005637389,english,0.0292365998917162,,,,80.0,38.0,68.0,4.918303571428571,4.631426202321724,80.0,8.56165333699131
DEU,45.22,2.4,49.148037314348834,-4.198266861685248,0.846431203222453,2026-05,88693.9787891109,32.797555264515616,44.73476787262552,english,0.0198517401683628,35.0,67.0,65.0,,,,5.251794871794871,5.719660194174757,35.0,11.392947283119916
DOM,52.1,0.67,53.91766825288919,2.007858948794059,-0.552533788067113,2026-05,16637.61618246597,20.33598585322723,28.561872909699005,english,,,,,,,,,,,9.719421445847487
DNK,42.27,3.57,45.76584406031629,-6.670415898532731,1.7816909502057972,2026-05,113263.93711245504,22.085889570552148,42.671009771986974,english,0.020631067961165,18.0,74.0,23.0,,,,3.894267515923566,5.701388888888889,18.0,11.637476100784044
ESP,48.1,2.69,49.46201546457092,-1.3626270594100802,1.1582227759946353,2026-05,53518.68827011927,33.122701122323875,37.25072741466184,english,0.0159229408295655,57.0,51.0,86.0,,,,5.519189189189189,4.825418994413408,57.0,10.887786185348528
DZA,47.43,0.56,46.077632128514054,-1.554466671950287,-1.2066694791017074,2026-05,8969.58842511948,34.47395301327886,29.59409594095941,english,0.042152466367713,,,,,,,,,,9.101595070512925
ECU,49.38,0.58,52.564083080040525,-0.5209006548201032,-0.7364790188948463,2026-05,9988.291688510177,16.469428007889547,19.061413673232902,spanish,,78.0,8.0,67.0,,,,5.599999999999999,5.510204081632653,78.0,9.209168854868931
EST,49.22,3.21,54.90194744251525,-1.011204293146072,2.055779855967382,2026-05,49410.33974231546,14.550641940085592,47.68583450210379,english,,40.0,60.0,60.0,,,,,,40.0,10.807914987799064
UZB,53.38,0.3,49.112604400538835,3.966739254381956,-1.256028009048448,2026-05,5015.875475814878,26.096033402922757,34.26150121065375,english,0.0678466076696165,,,,,,,,,,8.520363256608844
GRC,47.81,1.51,52.27900284900283,-2.050623280718348,0.1737350609824504,2026-05,39376.65689246587,21.617915904936016,37.43565746373421,english,,60.0,35.0,112.0,,,,5.403333333333333,5.745726495726496,60.0,10.58092845505126
ROU,47.88,1.37,47.92541267834568,-1.3655291391463251,-0.2684247452238963,2026-05,31327.812791877608,31.289261142686208,39.06490310673639,english,0.0337186897880539,90.0,30.0,90.0,,,,,,90.0,10.352261569567924
LKA,52.19,0.56,49.39301740020472,2.7371212870138635,-0.9765660169188596,2026-05,6855.768591970304,37.865612648221344,24.576802507836994,english,,,,,,,,,,,8.832845707078214
THA,52.54,0.73,52.28716719329579,2.678223225234781,-0.6056982948014755,2026-05,10509.89704549089,28.51307189542483,33.33333333333333,english,0.0156075808249721,64.0,20.0,64.0,,,,5.627027027027025,5.173814898419865,64.0,9.260072667961065
KAZ,49.26,0.71,49.32733272016555,-0.1835984959010659,-0.8311248452452211,2026-05,22317.150362946555,28.373450036469738,38.36116910229645,english,0.0606060606060606,,,,,,,5.312146892655367,5.132231404958676,,10.013110736433498
PRI,49.92,1.68,48.549810469314075,0.5862532270893155,0.0849114228854233,2026-05,59332.5492819456,,44.77317554240632,english,,,,,,,,,,,10.99091332616957
KOR,43.76,3.78,48.9201029776675,-5.626063307914677,2.2106114792016665,2026-05,51496.35067757943,30.858015785453617,33.34204337601255,korean,0.0123546511627906,60.0,18.0,85.0,,,,5.606779661016949,5.575107296137339,60.0,10.849266223511568
LBN,45.52,0.96,51.63225272658893,-4.249247612416127,-0.4211524649426228,2026-05,7649.559298285476,34.38395415472779,28.258064516129032,english,,,,,80.0,38.0,68.0,,,80.0,8.942403317093914
GEO,48.09,1.8,52.88352540272614,-1.85603285457983,0.5056917933619771,2026-05,14463.249642754525,23.44569288389513,36.37691745799854,english,,,,,,,,5.221666666666667,4.417643229166666,,9.579366203711222
JPN,47.45,1.91,50.34853339728985,-2.137878166068937,0.4397513251341995,2026-05,55246.96466016575,27.103543852702437,43.08948295181687,japanese,0.0175195942830797,54.0,46.0,92.0,,,,5.10943396226415,5.3095854922279795,54.0,10.919568679593294
MAR,47.71,0.9,48.70258334650023,-1.6453311890051694,-0.6844854148612068,2026-05,6159.655576326082,42.063983488132095,31.56467854376453,english,0.0379048931771192,70.0,46.0,68.0,,,,5.801923076923076,5.390522875816994,70.0,8.725776142030302
IRQ,49.44,0.24,46.9554533183352,0.3315109350265999,-1.4657445251664716,2026-05,10043.662811380043,13.521126760563378,47.83549783549784,english,0.048582995951417,,,,80.0,38.0,68.0,,,80.0,9.214697148565012
OMN,50.08,0.73,53.137186516853944,0.0981288007141714,-0.5467029222445741,2026-05,27874.66708509641,6.0606060606060606,29.75206611570248,english,,,,,,,,,,,10.235473565555544
KHM,52.29,0.21,58.30465992647059,1.5780456977140034,-0.7080557591399843,2026-05,4189.637022057561,32.87858117326057,36.25218914185639,english,,,,,,,,,,,8.34036937958309
FRA,45.6,3.97,47.7110372960373,-3.615241253381633,2.3166965864966924,2026-05,75225.64794338809,32.21784776902887,40.17413758855856,french,0.0264462809917355,68.0,71.0,86.0,,,,5.277027027027027,6.142265193370166,68.0,11.22824751486611
IND,51.87,0.3,48.57305778581929,2.5329687451722904,-1.2934751030909128,2026-05,3948.7128605939074,52.14582038420955,27.817374238198532,english,0.0395431834403997,77.0,48.0,40.0,,,,5.466019417475729,5.070540935672514,77.0,8.281144946714395
SWE,44.3,2.98,47.192907481026374,-4.842037621139212,1.2907359199303676,2026-05,92702.13665967331,27.708609271523184,42.86064769381747,english,0.0197486535008976,31.0,71.0,29.0,,,,4.851471135940409,5.491433891992551,31.0,11.437146800475732
MEX,50.36,0.63,49.60464712125231,0.8772213202057273,-0.8918779105531672,2026-05,21055.23141283793,29.720889664195376,32.853137387605145,spanish,0.0268608414239482,81.0,30.0,82.0,,,,5.223882113821137,4.618032786885246,81.0,9.954904331408958
IRL,46.74,3.23,47.54369034765708,-2.451597749164719,1.56508191458003,2026-05,163661.46945325768,16.177178623013962,39.20879120879121,english,0.0216508795669824,28.0,70.0,35.0,,,,5.150666666666668,5.761217948717948,28.0,12.005555362736272
PER,47.58,1.05,46.949431473620386,-1.5276382725789972,-0.6561624697502997,2026-05,12646.323877661176,22.371541501976285,19.381527193815273,spanish,0.0272314674735249,64.0,16.0,87.0,,,,,,64.0,9.445121849366132
QAT,48.08,1.66,48.20471790678659,-1.204990595780977,0.040960362328702,2026-05,93076.97642309398,16.596638655462186,34.18994413407821,english,,,,,,,,4.733168316831683,4.619047619047619,,11.441182133251901
RWA,55.68,0.2,49.641630036630026,6.191996213180175,-1.319311120822064,2026-05,1702.5314089029812,30.93415007656968,22.633136094674555,english,,,,,,,,,,,7.439871486548342
TUN,49.79,1.4,48.21554891972597,0.5034791516354886,-0.2182879140035907,2026-05,6506.121121775293,50.84835630965006,23.0,english,0.0478260869565217,,,,,,,,,,8.780498723794418
PRT,47.49,3.32,47.0886565924942,-1.637308602495693,1.6235004138214024,2026-05,46013.61009194968,27.66259585345072,38.31845238095239,english,0.0179968701095461,63.0,27.0,104.0,,,,5.440909090909091,5.256329113924051,63.0,10.736692503273996
SAU,48.61,0.93,49.46188467777614,-0.8526085812832704,-0.6017863012292225,2026-05,41985.798549031635,30.994989262705797,35.267857142857146,english,0.0244372990353697,,,,80.0,38.0,68.0,,,80.0,10.64508671030178
SEN,51.82,0.41,50.46025316455695,2.216337579637454,-1.0524947931489663,2026-05,3054.5670941438534,25.845410628019323,25.794155019059723,french,0.0845070422535211,,,,,,,,,,8.024393157520164
URY,48.01,1.89,51.49431333333334,-1.739758935402989,0.4992738869415647,2026-05,36408.30401277872,16.272965879265094,35.714285714285715,spanish,,61.0,36.0,100.0,,,,,,61.0,10.50255215982583
KGZ,50.95,0.35,47.23019572953737,1.802694133043083,-1.3366760987709343,2026-05,3906.36602991404,17.753623188405797,36.47058823529411,russian,,,,,,,,,,,8.27036281670156
NAM,52.91,0.44,50.8,3.258336670064672,-0.9989147514058104,2026-05,7434.795398545627,,34.78260869565217,english,,,,,,,,5.293333333333334,5.533854166666667,,8.913926339826386
ZAF,51.43,0.46,47.58128843338214,2.2330902298692976,-1.202308599949109,2026-05,9272.848440503294,25.834627329192543,34.126093785057215,english,0.0410958904109589,49.0,65.0,49.0,,,,5.160439560439557,5.538389513108615,49.0,9.134845886495764
JAM,49.49,0.66,50.738131553860825,-0.1529222869623652,-0.7832087149997419,2026-05,9671.355122194287,5.483870967741936,33.12101910828025,english,,45.0,39.0,13.0,,,,,,45.0,9.176923715360676
PAN,50.85,1.28,54.07633226324237,0.7354422078007659,0.0684782467687246,2026-05,29533.717672235955,12.233285917496444,31.57894736842105,english,,95.0,11.0,86.0,,,,,,95.0,10.29328786157298
SRB,45.59,1.31,53.6611598173516,-4.4659004245556915,0.0696633099292209,2026-05,21462.94212470453,26.575698505523064,39.468008626887126,english,,86.0,25.0,92.0,,,,,,86.0,9.974083104863308
HTI,52.26,0.14,47.65388048411498,3.052834109430719,-1.5172703673360828,2026-05,3475.4520114928823,,37.93103448275862,french,,,,,,,,,,,8.15347982478959
NLD,45.27,3.9,49.29662609606073,-4.169260130585549,2.356743969405432,2026-05,105769.21585185928,26.64008232570105,41.46609651802076,english,0.0127511591962905,38.0,80.0,53.0,,,,4.107534246575341,5.588850174216028,38.0,11.569014790584296
HRV,49.03,1.8,54.79573266219239,-1.1861978073345938,0.6384080464537274,2026-05,38045.172524694855,17.22222222222222,43.08943089430895,english,,73.0,33.0,80.0,,,,,,73.0,10.546529483353787
NOR,41.26,4.04,43.96881048387095,-7.426523184301232,2.12696829696555,2026-05,133499.89761071428,21.348314606741575,43.844856661045526,english,0.0235690235690235,31.0,69.0,50.0,,,,,,31.0,11.801855989861206
SGP,46.3,5.81,48.883954853273146,-3.080956143787553,4.238102627924085,2026-05,121453.275988157,26.90232558139535,33.02572157863735,english,0.0154061624649859,74.0,20.0,8.0,,,,4.986363636363638,5.318807339449541,74.0,11.707284908032415
LVA,47.7,2.37,49.01873405299313,-1.6999983349226468,0.8074569436202479,2026-05,37168.53471842537,21.240310077519386,48.18481848184818,english,,44.0,70.0,63.0,,,,,,44.0,10.523217841433432
KEN,54.61,0.34,47.564877955025935,5.415408773577276,-1.3234475649792317,2026-05,3558.849073408154,31.881918819188193,25.736040609137056,english,0.0329218106995884,,,,64.0,27.0,52.0,,,64.0,8.177192477588836
MKD,47.13,0.98,52.80770526315789,-2.805320655720152,-0.3195704839265219,2026-05,14284.258368739234,17.878787878787875,27.728613569321535,english,,,,,,,,,,,9.566913396533058
VNM,51.38,0.53,51.76727784026996,1.5916754526555297,-0.8417810816512341,2026-05,6717.646893699442,42.61480787253984,27.567777669808574,english,0.0241518113858539,70.0,20.0,30.0,,,,,,70.0,8.812493207567186
NZL,46.33,4.84,45.9905376344086,-2.6421615832792185,3.0672857499325006,2026-05,74633.69897073443,20.455168631752127,43.715469613259664,english,,22.0,79.0,49.0,,,,4.8868131868131846,5.61911231884058,22.0,11.22034741302332
KWT,48.86,0.92,46.56636969484391,-0.1935176395498175,-0.8127487739964544,2026-05,40520.77402630855,14.244186046511626,44.44444444444444,english,,,,,80.0,38.0,68.0,5.1241379310344835,4.994791666666667,80.0,10.609570060507629
UGA,56.02,0.11,47.41962357954546,6.8459309430726805,-1.5635289075552097,2026-05,2079.882474647875,27.631578947368425,25.416036308623298,english,,,,,,,,,,,7.640066668525896
MOZ,52.13,0.08,45.68345748418832,3.2012240350241825,-1.7140270689234751,2026-05,1200.8185090654026,7.947019867549669,32.240437158469945,portuguese,,,,,,,,,,,7.090758694145664
GTM,51.75,0.37,53.59416250890949,1.7035652463752982,-0.8749866210338856,2026-05,9620.500626667832,13.082437275985663,30.816831683168317,english,,95.0,6.0,101.0,,,,5.602419354838711,5.252252252252252,95.0,9.17165158249987
LTU,47.99,2.28,53.3954039908407,-2.0283532863162677,1.0212185951331518,2026-05,45109.332193465,21.91387559808613,41.60377358490566,english,,42.0,60.0,65.0,,,,,,42.0,10.716844426335092
PHL,49.17,0.44,49.25954908675798,-0.2640217295612999,-1.1058293508903407,2026-05,5979.632691012824,31.038275406951165,27.297433316557623,english,0.0192107995846313,94.0,32.0,44.0,,,,5.4415525114155265,5.483333333333333,94.0,8.696114422150659
TZA,54.86,0.07,51.82572289156627,5.063418081785272,-1.2977247178959963,2026-05,2148.799090380761,30.864197530864196,35.8433734939759,english,,,,,64.0,27.0,52.0,,,64.0,7.672664402453899
MNG,57.44,1.37,51.93333083270817,7.628214764158102,0.009743783586033,2026-05,10677.466362993113,,23.7410071942446,english,,,,,,,,,,,9.275890852440757
HUN,48.1,1.07,50.53351351351352,-1.514012960878837,-0.3874101774695846,2026-05,36106.862456746145,23.753280839895012,44.363193174893354,english,,46.0,80.0,82.0,,,,5.558247422680412,5.011839708561021,46.0,10.494238222009805
SVN,48.69,2.13,55.04763022743948,-1.5617869901897097,0.9858909321906316,2026-05,53656.97978357421,17.6672384219554,41.90193164933135,english,,71.0,27.0,88.0,,,,5.33320610687023,5.331692913385827,71.0,10.890366838079048
ZMB,54.12,0.15,47.90675105485232,4.877107456130915,-1.4897199504033491,2026-05,2182.304943750481,9.749303621169917,27.540106951871657,english,,,,,64.0,27.0,52.0,5.314285714285714,5.125,64.0,7.688136910867753
TTO,51.9,1.05,50.8,2.248336670064674,-0.3889147514058102,2026-05,26700.53225320523,,38.07531380753138,english,,47.0,16.0,55.0,,,,,,47.0,10.192438778766626
ZWE,57.63,0.2,45.740459001782526,8.693170612869473,-1.590070893253607,2026-05,3813.703651493487,20.54054054054054,28.21917808219178,english,,,,,,,,5.666666666666667,5.5,,8.246356082956307
TUR,50.0,0.64,52.020937323546015,0.1758373383633582,-0.7141759104466315,2026-05,22651.310447180294,46.43576705363138,40.695296523517385,english,0.0199769496734537,66.0,37.0,85.0,,,,5.571621621621618,5.377758420441347,66.0,10.027972985625215
SVK,48.3,1.43,50.67978529411764,-1.3346788737921145,-0.0172582221526405,2026-05,39478.157128320294,22.591362126245848,41.36933461909354,english,,104.0,52.0,51.0,,,,,,104.0,10.583502813843964
MLT,49.89,4.0,51.11452702702703,0.1938989246392282,2.5829149160198677,2026-05,63416.5934217836,,36.39705882352941,english,,56.0,59.0,96.0,,,,,,56.0,11.05748083207671
PRY,52.29,0.59,52.41189991142604,2.4106004446842846,-0.7370412525764517,2026-05,9785.666997682889,10.3397341211226,32.22416812609457,spanish,,,,,,,,,,,9.188674042829755
MUS,50.62,1.74,48.05411378555799,1.3562874090456276,0.1105077220248393,2026-05,16566.49364893835,5.128205128205129,32.78145695364238,english,,,,,,,,,,,9.715137479636018
GHA,54.68,0.38,44.88642254680107,5.863832595177449,-1.4693450737838791,2026-05,3978.246329458356,22.938689217758984,30.744336569579296,english,0.0632411067193675,,,,77.0,20.0,54.0,,,77.0,8.288596380437534
MDA,50.77,1.45,53.09687203791469,0.7938246055198732,0.1704990617120931,2026-05,11853.79921916384,24.94929006085193,32.838283828382835,english,,,,,,,,,,,9.380403704391265
ISR,51.94,3.05,53.34273105745212,1.929088574648297,1.787562843736917,2026-05,90237.43265143564,23.454313332117454,41.631931287103704,english,0.0220095693779904,13.0,54.0,81.0,,,,4.72638888888889,4.8015432098765425,13.0,11.410199616099286
GBR,44.81,3.35,46.90780223702998,-4.291756713097932,1.6409482637896984,2026-05,83152.8295627269,26.752676904941215,41.995374743493706,english,0.0191667623091931,35.0,89.0,35.0,,,,5.153086419753086,5.68213572854291,35.0,11.328435513659961
MDG,52.27,0.1,61.4544066278549,1.1130357938155768,-0.5994483993329164,2026-05,950.4549962287342,29.331046312178387,26.77760968229955,french,,,,,,,,,,,6.856940813336473
HND,52.74,0.26,57.45113652609005,2.1486351934380465,-0.7172943312476194,2026-05,5256.315221358912,11.778290993071591,30.788804071246823,english,,,,,,,,,,,8.56718553198842
TGO,52.28,0.22,52.21853684210526,2.4279196195430544,-1.1204615666765756,2026-05,1794.2569461842215,,29.03225806451613,french,,,,,,,,,,,7.49234625766076
USA,49.59,3.87,48.672014648010496,0.2389876895799716,2.2833929724812925,2026-05,132531.7570859901,26.10597212974185,40.43061765268305,english,0.0180879587018288,40.0,91.0,46.0,,,,4.88244680851064,5.898824517212426,40.0,11.794577571811361
PSE,51.87,0.43,52.17021118012423,2.024747279108361,-0.9138155968187328,2026-05,,27.035830618892508,31.343283582089555,english,,,,,,,,,,,
NGA,51.7,0.24,46.31130329388279,2.682519250187873,-1.51045159196118,2026-05,1441.664986299227,34.42742523705325,35.23859465128474,english,0.0408986175115207,,,,77.0,20.0,54.0,5.797836538461537,5.1214859437751015,77.0,7.2735539651244006
UKR,48.9,0.78,48.59075278015398,-0.4395312805360944,-0.8122469865596351,2026-05,7490.372998752378,34.46586082979418,32.224893162393165,english,0.0375699440447641,,,,,,,,,,8.921373874837714
LUX,46.79,4.85,47.76457935425193,-2.4328059080791533,3.200412659277971,2026-05,199973.81446042765,,36.26943005181347,english,,40.0,60.0,70.0,,,,,,40.0,12.205941709260532
NPL,51.27,0.41,47.553352601156085,2.0770371256653277,-1.2542474792006586,2026-05,2250.486467692543,41.403674046161086,28.169856459330145,english,0.0463917525773195,,,,,,,,,,7.718901679692267
FIN,45.91,2.19,49.46079290558163,-3.552454330962398,0.6581379246023822,2026-05,86239.00920358354,18.735362997658076,43.108182317408016,english,,33.0,63.0,59.0,,,,4.889090909090907,5.924418604651163,33.0,11.364877897250105
POL,47.85,1.33,48.49640214985773,-1.476201013406218,-0.2687953677917292,2026-05,38209.25361666856,34.39407585309716,40.00442526828189,english,0.0197368421052631,68.0,60.0,93.0,,,,5.101631701631701,5.2768719806763285,68.0,10.550833006533033
ISL,48.38,4.02,53.39009708737863,-1.6376035039294408,2.760850270863113,2026-05,124196.00871446758,,50.80213903743316,english,,,,,,,,,,,11.729616312010778
PAK,50.69,0.31,47.63349320652175,1.485714512619495,-1.34868534109456,2026-05,2515.0984411018367,48.19562641387483,29.347094458155702,english,0.0351123595505618,55.0,14.0,70.0,,,,,,55.0,7.830067223359015
TWN,49.66,2.08,52.50352875017573,-0.2323452759060131,0.7593182234133016,2026-05,48391.047952063214,30.464876033057852,35.08862724802691,english,0.0148482892188508,58.0,17.0,69.0,,,,5.181944444444445,4.528601694915254,58.0,10.787070115929458
MYS,47.2,0.87,48.118765538674026,-2.072846871634269,-0.755005139676267,2026-05,16744.801251132354,31.632862118418352,30.926675663517766,english,0.020358306188925,104.0,26.0,36.0,,,,5.17391304347826,5.089583333333334,104.0,9.725843116010799
IDN,47.51,0.46,47.73935782048164,-1.709242500166269,-1.191337834787277,2026-05,7231.199089520412,28.813653238765447,19.030907278165504,english,0.0439499816108863,78.0,14.0,48.0,,,,5.1789772727272725,4.467440119760479,78.0,8.886160150574304
ITA,46.36,1.7,49.00262023000523,-3.0377217039744764,0.1363385678796727,2026-05,63346.04219526605,28.242314898341547,39.02289702461124,english,0.0243185462319615,50.0,76.0,75.0,,,,5.426877934272303,5.570488721804511,50.0,11.05636770858478
JOR,48.93,0.64,51.53594570135745,-0.8256409373066091,-0.7478366292620818,2026-05,7135.879551781071,29.67525195968645,31.914893617021285,english,,,,,,,,,,,8.872890795162947
SLV,52.38,0.59,55.35508689525599,2.0847741954644263,-0.5327701168464524,2026-05,8315.64872508447,16.027088036117384,26.119402985074625,spanish,,66.0,19.0,94.0,,,,5.676923076923076,5.44,66.0,9.025894407234901
